Influencer_ID,Name,Platform,Followers,Engagement_Rate,Avg_Likes,Avg_Comments,Posts_Per_Month,Category,Location,Collab_Cost,Audience_Age,Audience_Gender,Growth_Rate,Video_Views
INF0001,Forum383,YouTube,52395,10.44,4574,309,19,Lifestyle,Jaipur,23947,13-17,Female,9.26,149325
INF0002,Aradhana51,YouTube,17372,6.4,886,106,16,Travel,Vijayawada,15499,35-44,Mixed,5.98,28083
INF0003,Damini470,Instagram,85914,6.0,3723,278,11,Fitness,Pune,77082,25-34,Female,3.93,253500
INF0004,Balvan267,Instagram,22815,9.63,1548,295,11,Lifestyle,Ahmedabad,13748,25-34,Male,5.76,19027
INF0005,Utkarsh123,Instagram,36178,6.93,2349,204,29,Beauty,Chennai,12374,35-44,Female,9.23,85970
INF0006,Reyansh24,Instagram,23531,5.34,961,377,16,Education,Ahmedabad,16070,18-24,Female,4.48,56692
INF0007,Zaitra501,Instagram,59990,2.9,1486,164,14,Food,Kolkata,41447,25-34,Mixed,0.95,63199
INF0008,Kashvi274,Instagram,9525,7.21,611,288,10,Finance,Bengaluru,5784,18-24,Mixed,9.09,24079
INF0009,Darsh932,Instagram,87090,2.17,1662,431,20,Fitness,Jaipur,41423,35-44,Mixed,1.48,136026
INF0010,Charita913,Instagram,85369,3.23,2716,456,30,Tech,Hyderabad,82821,25-34,Mixed,7.72,189878
INF0011,Aachal294,YouTube,34349,6.81,1655,76,8,Food,Bengaluru,38125,18-24,Male,3.88,101139
INF0012,Parth707,Instagram,89339,7.75,5442,122,13,Lifestyle,Ahmedabad,92487,35-44,Male,2.87,230425
INF0013,Darsh211,YouTube,75699,3.24,2324,27,4,Gaming,Pune,85119,13-17,Mixed,4.02,145775
INF0014,Anthony791,Instagram,30896,8.74,2261,210,27,Travel,Delhi,18893,25-34,Female,3.32,84204
INF0015,Tara989,YouTube,77128,10.65,7347,495,12,Food,Vijayawada,65136,13-17,Male,8.74,227375
INF0016,Shravya94,YouTube,84091,8.19,6613,87,11,Food,Delhi,71674,13-17,Mixed,9.7,108567
INF0017,Wahab709,YouTube,21345,10.66,1936,275,28,Gaming,Ahmedabad,19024,13-17,Female,4.56,58290
INF0018,Andrew188,Instagram,29950,10.11,2754,331,10,Beauty,Vijayawada,25022,25-34,Mixed,1.17,35218
INF0019,Garima167,Instagram,58360,7.57,4095,361,11,Lifestyle,Vijayawada,57761,18-24,Female,3.27,157936
INF0020,Girik347,YouTube,91152,11.36,8829,388,11,Food,Hyderabad,54635,18-24,Male,3.92,174679
INF0021,Mitali74,Instagram,79409,9.71,6398,348,5,Food,Vijayawada,40449,25-34,Mixed,2.64,77427
INF0022,Wazir47,Instagram,99517,6.5,4551,166,22,Finance,Pune,82179,25-34,Female,9.12,94713
INF0023,Omkaar649,YouTube,65839,6.39,3619,301,5,Travel,Jaipur,46316,13-17,Female,6.92,90050
INF0024,Jackson205,Instagram,38594,8.87,3215,398,25,Beauty,Chennai,38989,13-17,Male,4.54,79441
INF0025,Lucky373,YouTube,69404,3.49,1997,416,29,Gaming,Pune,47995,13-17,Male,9.66,192381
INF0026,Yashasvi281,Instagram,37924,6.48,2273,370,28,Beauty,Jaipur,17482,18-24,Female,2.03,44375
INF0027,Laban266,Instagram,85679,6.87,5297,118,29,Fitness,Chennai,89077,25-34,Male,6.52,206910
INF0028,Krishna690,YouTube,56513,8.63,3966,345,19,Food,Pune,37560,18-24,Male,2.27,59130
INF0029,Kavya965,Instagram,9579,4.07,344,67,7,Food,Mumbai,8665,13-17,Female,2.56,16564
INF0030,Caleb347,Instagram,10936,11.36,1198,409,4,Food,Bengaluru,6935,13-17,Male,1.95,24409
INF0031,Siya697,Instagram,55293,3.57,1454,104,27,Beauty,Hyderabad,29917,25-34,Mixed,9.42,132222
INF0032,Mason557,Instagram,12948,4.59,424,364,12,Travel,Ahmedabad,9045,13-17,Female,2.97,12315
INF0033,Akshay221,YouTube,78239,9.64,7507,85,16,Tech,Mumbai,80643,18-24,Male,5.56,154834
INF0034,Jagdish230,Instagram,49836,9.68,3825,166,11,Tech,Bengaluru,43305,25-34,Mixed,1.94,71904
INF0035,Samuel496,YouTube,87826,10.72,9360,137,14,Gaming,Mumbai,48305,35-44,Mixed,2.32,116698
INF0036,Omaja995,Instagram,97054,10.02,9256,91,6,Food,Bengaluru,29673,35-44,Female,3.52,180949
INF0037,Yatin651,Instagram,35436,9.46,2584,472,29,Gaming,Chennai,35131,25-34,Male,8.4,67247
INF0038,Amaira478,YouTube,75111,9.33,6591,374,21,Tech,Delhi,41274,35-44,Female,1.79,222624
INF0039,Harita560,YouTube,60455,9.63,5453,190,20,Food,Vijayawada,41580,18-24,Mixed,6.21,161013
INF0040,Gaurangi309,YouTube,32576,2.03,645,40,21,Gaming,Bengaluru,12783,18-24,Female,6.1,89297
INF0041,Varsha460,Instagram,40161,6.84,2674,360,6,Gaming,Kolkata,46299,25-34,Male,8.13,45843
INF0042,Kashish891,Instagram,60534,7.87,3634,281,22,Travel,Pune,47544,35-44,Female,5.1,114627
INF0043,Kritika881,Instagram,63962,9.1,4125,471,22,Fashion,Chennai,19638,35-44,Male,6.36,165109
INF0044,Jhalak520,YouTube,45026,8.13,2978,248,28,Tech,Delhi,18917,18-24,Male,6.11,131096
INF0045,Nidra751,Instagram,68641,5.59,3131,257,8,Education,Pune,76596,25-34,Mixed,9.53,186858
INF0046,Aarini511,YouTube,75113,3.73,1978,44,6,Fitness,Vijayawada,83313,25-34,Female,5.17,203396
INF0047,Vamakshi813,Instagram,78618,6.79,4328,126,19,Fashion,Delhi,44723,18-24,Female,2.07,84597
INF0048,Mitesh678,Instagram,32116,8.12,2176,108,6,Travel,Bengaluru,21690,18-24,Male,4.8,36866
INF0049,Shravya790,YouTube,18319,8.37,1154,152,18,Tech,Bengaluru,8178,13-17,Male,7.71,19368
INF0050,Balhaar275,Instagram,83333,8.9,6580,390,29,Travel,Vijayawada,54049,13-17,Mixed,4.24,71006
INF0051,Arjun687,YouTube,57596,2.39,1222,269,23,Tech,Kolkata,52798,35-44,Male,2.4,110643
INF0052,Chaman460,YouTube,13056,7.72,986,20,25,Lifestyle,Delhi,9655,13-17,Female,4.5,23716
INF0053,Mason371,Instagram,91349,3.87,3330,483,18,Fitness,Kolkata,70330,35-44,Female,5.62,215942
INF0054,Mekhala920,Instagram,12597,7.89,903,308,8,Beauty,Delhi,7692,25-34,Female,2.78,19028
INF0055,Zayan827,Instagram,54121,6.91,2806,445,28,Travel,Kolkata,37460,25-34,Male,4.83,46181
INF0056,Hemang785,YouTube,62268,5.55,2722,358,5,Food,Vijayawada,43514,18-24,Female,7.61,123990
INF0057,Zashil606,YouTube,61654,2.96,1796,179,12,Travel,Vijayawada,45085,35-44,Mixed,5.5,113632
INF0058,Hemal57,YouTube,21646,8.06,1276,448,12,Travel,Vijayawada,10176,18-24,Mixed,9.47,28289
INF0059,Jacob437,Instagram,14926,4.72,629,231,25,Travel,Delhi,10241,25-34,Mixed,3.06,20723
INF0060,Madhavi14,Instagram,50860,5.87,2658,216,12,Beauty,Delhi,17349,25-34,Female,3.26,83372
INF0061,Benjamin770,YouTube,9385,3.2,246,111,14,Gaming,Jaipur,5922,25-34,Mixed,5.25,27867
INF0062,Ranveer500,Instagram,84371,9.36,7128,69,18,Education,Pune,77370,18-24,Female,1.09,181481
INF0063,Hemal731,Instagram,9103,10.13,657,242,24,Finance,Jaipur,9246,35-44,Mixed,0.51,17148
INF0064,Pooja90,Instagram,61676,3.08,1861,431,5,Fitness,Bengaluru,27238,35-44,Female,6.52,102532
INF0065,Indali568,Instagram,29542,9.39,2455,140,20,Gaming,Ahmedabad,9156,18-24,Mixed,6.12,54365
INF0066,Dhriti325,YouTube,23516,9.84,2201,237,29,Food,Bengaluru,7436,13-17,Female,3.94,63386
INF0067,Aryan290,Instagram,46073,10.73,4375,336,17,Tech,Vijayawada,17803,35-44,Male,2.31,51208
INF0068,Benjamin604,YouTube,47536,5.04,2024,335,20,Travel,Ahmedabad,32470,25-34,Mixed,1.33,115165
INF0069,Ishwar807,Instagram,72919,7.31,4267,43,14,Travel,Bengaluru,24217,25-34,Female,6.07,132702
INF0070,Siya468,Instagram,42385,2.36,763,398,12,Education,Pune,23605,13-17,Male,5.12,122079
INF0071,Shravya647,YouTube,36581,5.61,1981,411,29,Gaming,Ahmedabad,12642,35-44,Female,5.44,50822
INF0072,Ekapad965,YouTube,29773,8.42,2009,58,22,Finance,Ahmedabad,24844,35-44,Female,5.19,69453
INF0073,Gaurika35,Instagram,73426,11.37,6417,64,29,Finance,Bengaluru,43998,18-24,Mixed,6.84,149745
INF0074,Ekantika685,Instagram,35729,2.11,529,206,13,Beauty,Bengaluru,23257,13-17,Male,3.37,83162
INF0075,Eta848,Instagram,50092,6.96,2509,402,19,Fitness,Chennai,25006,25-34,Male,1.19,90807
INF0076,Forum746,Instagram,25173,9.18,1652,174,5,Fashion,Ahmedabad,26961,18-24,Male,2.5,51600
INF0077,Sanya170,Instagram,44886,9.62,3693,395,23,Lifestyle,Vijayawada,48698,25-34,Male,0.91,102634
INF0078,Jai856,Instagram,67974,9.54,6289,492,27,Gaming,Ahmedabad,41679,35-44,Male,2.15,126393
INF0079,Rudra419,YouTube,95506,3.31,2810,253,17,Lifestyle,Mumbai,98916,35-44,Female,3.17,130781
INF0080,Vansha734,Instagram,30932,4.36,1317,208,10,Fitness,Chennai,34891,35-44,Mixed,8.61,79620
INF0081,Ganga998,YouTube,28142,4.63,1005,485,7,Fashion,Delhi,14509,35-44,Mixed,9.47,51520
INF0082,Vivaan252,Instagram,91048,7.45,6421,346,4,Food,Jaipur,35049,35-44,Mixed,8.31,126712
INF0083,Pallavi376,YouTube,84862,6.14,4146,344,26,Finance,Mumbai,94310,35-44,Male,1.08,150982
INF0084,Ishanvi218,Instagram,41183,5.53,2258,496,15,Gaming,Vijayawada,22453,18-24,Male,3.74,45136
INF0085,Jhalak292,YouTube,41738,11.4,4753,32,14,Beauty,Ahmedabad,13636,35-44,Male,8.23,37858
INF0086,Tanish768,Instagram,72626,8.82,4946,71,6,Food,Kolkata,58194,18-24,Mixed,5.17,208226
INF0087,Waida804,YouTube,68494,10.82,6089,464,14,Finance,Jaipur,20669,13-17,Male,0.54,114661
INF0088,Mohini20,YouTube,63905,9.58,4739,468,22,Food,Ahmedabad,54619,35-44,Male,3.93,130081
INF0089,Ekta407,Instagram,89001,10.18,8021,303,13,Lifestyle,Pune,93911,18-24,Mixed,2.59,219151
INF0090,Zayan803,Instagram,37329,10.71,2831,35,23,Lifestyle,Ahmedabad,42319,35-44,Male,9.7,68602
INF0091,Oeshi541,Instagram,40615,7.56,2446,82,13,Beauty,Ahmedabad,19473,35-44,Mixed,5.09,45927
INF0092,Raagini183,YouTube,39626,7.42,2593,489,8,Fitness,Chennai,15334,18-24,Male,3.59,109074
INF0093,Yashoda738,YouTube,62781,6.47,3024,449,4,Lifestyle,Vijayawada,47048,13-17,Mixed,2.92,87431
INF0094,Lohit784,YouTube,92553,6.12,4263,492,20,Travel,Vijayawada,59235,25-34,Male,2.41,255906
INF0095,Ranveer139,Instagram,50994,11.07,5075,198,19,Finance,Bengaluru,51644,13-17,Mixed,6.73,106090
INF0096,Zinal467,YouTube,70882,7.85,4191,451,15,Travel,Ahmedabad,32411,18-24,Mixed,4.34,67589
INF0097,Frado588,Instagram,98958,8.35,7036,294,5,Gaming,Kolkata,45612,25-34,Mixed,3.11,245427
INF0098,Unnati304,YouTube,11842,9.03,793,254,25,Gaming,Bengaluru,6175,18-24,Female,9.61,10137
INF0099,Zilmil405,Instagram,95830,6.38,4439,179,12,Gaming,Kolkata,78237,18-24,Male,9.31,143472
INF0100,Ayaan328,Instagram,80267,2.07,1621,99,13,Education,Jaipur,85575,13-17,Mixed,1.78,232114
INF0101,Damyanti417,Instagram,36528,6.26,1662,141,19,Travel,Mumbai,27990,13-17,Female,6.65,71380
INF0102,Yutika482,YouTube,24317,9.46,2248,435,7,Lifestyle,Jaipur,9888,13-17,Male,2.16,30913
INF0103,Faras679,Instagram,82378,8.66,6076,208,29,Lifestyle,Kolkata,39613,35-44,Male,7.67,236269
INF0104,Krish426,YouTube,33345,10.97,3478,73,6,Fashion,Ahmedabad,37570,13-17,Female,7.9,51322
INF0105,Ubika520,Instagram,38464,2.25,698,285,14,Tech,Delhi,20543,18-24,Female,1.17,53929
INF0106,Gabriel987,YouTube,55165,7.09,3876,154,30,Gaming,Delhi,65394,35-44,Female,3.77,108626
INF0107,Anvi697,YouTube,37165,5.69,1780,409,23,Education,Jaipur,28969,18-24,Mixed,1.96,34411
INF0108,Qadim747,Instagram,79780,3.7,2808,144,4,Beauty,Bengaluru,72634,13-17,Female,8.85,65383
INF0109,Veer40,Instagram,50583,11.74,4863,459,12,Fashion,Pune,20836,13-17,Mixed,3.5,105553
INF0110,Chaitanya307,Instagram,74548,7.1,4823,422,20,Food,Ahmedabad,81792,18-24,Male,4.77,158970
INF0111,Bahadurjit970,Instagram,27677,10.37,2761,166,20,Beauty,Vijayawada,30080,25-34,Mixed,7.23,58801
INF0112,Madhavi818,Instagram,22554,11.12,2172,353,20,Finance,Chennai,14397,13-17,Female,4.81,66939
INF0113,Arjun359,YouTube,10333,5.05,500,44,4,Travel,Delhi,10414,35-44,Mixed,2.66,28037
INF0114,Avi77,YouTube,95543,3.04,2120,178,10,Gaming,Delhi,111389,35-44,Female,2.42,226391
INF0115,Ekta62,YouTube,70451,2.37,1371,339,27,Finance,Hyderabad,65450,25-34,Female,0.79,128892
INF0116,Jyoti243,YouTube,71290,6.47,3676,52,14,Finance,Kolkata,27383,35-44,Female,2.47,196589
INF0117,Chavvi256,YouTube,89733,8.65,5989,412,29,Lifestyle,Vijayawada,96434,35-44,Female,1.38,75126
INF0118,Ati577,Instagram,14389,4.0,444,263,17,Education,Bengaluru,5097,13-17,Female,5.32,37053
INF0119,Bhanumati941,YouTube,76404,9.95,7288,282,17,Tech,Chennai,86802,13-17,Mixed,4.58,201977
INF0120,Harinakshi706,Instagram,46091,11.63,3938,405,23,Finance,Kolkata,29433,13-17,Mixed,3.94,39329
INF0121,Watika693,Instagram,81533,9.82,6207,221,20,Travel,Ahmedabad,35453,13-17,Female,9.41,227753
INF0122,Sai338,Instagram,76191,5.8,3962,29,7,Tech,Vijayawada,26052,13-17,Mixed,4.86,224726
INF0123,Chandresh140,Instagram,10515,2.04,198,252,13,Finance,Delhi,8677,35-44,Male,9.81,23427
INF0124,Edhitha678,Instagram,92112,2.2,1896,220,29,Food,Ahmedabad,42533,25-34,Female,1.23,233640
INF0125,Varenya444,YouTube,56311,10.92,4543,27,22,Travel,Mumbai,30755,13-17,Male,2.79,151781
INF0126,Rishi968,YouTube,50433,11.55,5655,49,19,Finance,Chennai,48126,13-17,Male,2.49,129854
INF0127,Pratyush919,YouTube,76342,7.76,5376,261,20,Travel,Delhi,50217,13-17,Male,0.68,135210
INF0128,Janya397,Instagram,21765,2.08,439,25,21,Education,Jaipur,24537,18-24,Male,1.93,33851
INF0129,Garima805,YouTube,30359,2.01,510,341,16,Finance,Chennai,13941,35-44,Male,2.13,26719
INF0130,Zansi436,YouTube,35496,8.08,2076,312,15,Travel,Kolkata,21742,13-17,Male,5.33,65765
INF0131,Vasana413,YouTube,81444,11.12,7938,339,6,Travel,Hyderabad,52399,35-44,Male,7.67,214629
INF0132,Manbir998,YouTube,57334,6.13,2959,264,17,Tech,Jaipur,40815,18-24,Male,6.08,82382
INF0133,Geetika815,Instagram,48980,9.2,4252,116,13,Education,Jaipur,50078,35-44,Mixed,0.68,41725
INF0134,Gunbir237,YouTube,26403,2.94,606,166,5,Travel,Hyderabad,24385,13-17,Male,6.72,46073
INF0135,Gaurika147,YouTube,48539,6.55,2399,305,5,Travel,Ahmedabad,57052,13-17,Mixed,7.81,122362
INF0136,Ekani507,Instagram,79026,2.64,1689,482,16,Education,Mumbai,36229,35-44,Female,3.35,162565
INF0137,Praneel645,YouTube,66112,6.88,3628,52,7,Finance,Jaipur,66131,35-44,Female,5.05,95333
INF0138,Aarnav163,Instagram,43728,11.22,4134,499,19,Tech,Chennai,46408,35-44,Mixed,5.17,91418
INF0139,Shaurya657,YouTube,86282,7.57,4821,40,15,Tech,Delhi,33564,13-17,Male,5.15,234174
INF0140,Aahana592,Instagram,17288,7.45,1195,380,11,Education,Vijayawada,20110,13-17,Mixed,6.5,14960
INF0141,Chanchal794,YouTube,88756,9.22,5905,58,29,Travel,Jaipur,90784,13-17,Mixed,6.96,88511
INF0142,David640,Instagram,9703,10.1,840,489,18,Food,Bengaluru,10515,18-24,Male,4.32,28727
INF0143,Kamya13,Instagram,51478,4.81,2139,293,21,Beauty,Pune,36608,35-44,Male,5.44,106172
INF0144,Agastya315,Instagram,29866,10.15,2333,435,13,Gaming,Mumbai,21554,35-44,Female,10.0,89410
INF0145,Bhavini855,YouTube,9634,10.04,723,385,20,Tech,Chennai,9632,18-24,Male,2.81,25709
INF0146,Nitara325,Instagram,98342,5.45,4502,286,27,Finance,Chennai,108097,25-34,Mixed,4.92,294445
INF0147,Nitesh580,Instagram,57805,8.92,3968,388,30,Travel,Jaipur,48994,35-44,Mixed,1.33,93587
INF0148,Odika446,YouTube,88073,10.62,7587,394,4,Finance,Pune,40651,18-24,Male,3.36,223777
INF0149,Jonathan800,Instagram,33690,8.43,2714,411,16,Beauty,Hyderabad,13488,13-17,Male,4.51,43487
INF0150,Simon840,Instagram,69473,6.69,3567,80,22,Lifestyle,Vijayawada,62372,18-24,Female,7.75,55905
INF0151,Vedhika784,YouTube,44833,11.41,3814,26,23,Education,Mumbai,29598,25-34,Female,6.3,118484
INF0152,Jasmit343,YouTube,32783,11.97,3232,230,21,Fashion,Kolkata,33273,25-34,Female,3.5,27513
INF0153,Ekapad191,Instagram,18725,10.83,1731,228,21,Travel,Jaipur,17930,13-17,Mixed,9.37,36598
INF0154,Alka383,Instagram,55376,4.07,1876,471,30,Travel,Bengaluru,41281,25-34,Male,8.42,83437
INF0155,Anmol533,Instagram,6345,6.31,292,42,30,Lifestyle,Delhi,6862,18-24,Mixed,4.28,18746
INF0156,Tejas165,YouTube,52549,11.12,5743,418,8,Fashion,Ahmedabad,27093,13-17,Mixed,9.02,98819
INF0157,Sarthak330,Instagram,44409,5.49,2090,124,27,Food,Delhi,36657,35-44,Mixed,6.22,82795
INF0158,Samaksh765,YouTube,23932,3.2,556,133,26,Fashion,Delhi,26526,18-24,Female,2.1,56915
INF0159,Samar84,YouTube,25052,4.31,857,112,18,Lifestyle,Jaipur,8927,18-24,Mixed,8.57,62737
INF0160,Lavanya818,YouTube,24112,2.3,426,171,26,Gaming,Kolkata,8370,13-17,Male,2.68,69749
INF0161,Teerth830,Instagram,22590,10.59,1745,483,14,Travel,Vijayawada,8527,35-44,Mixed,7.06,49954
INF0162,Oliver758,Instagram,9717,7.01,643,237,8,Food,Pune,7054,35-44,Male,6.22,20844
INF0163,Lakshit112,YouTube,79220,7.7,5475,226,13,Finance,Chennai,41577,13-17,Mixed,8.75,200395
INF0164,Bahadurjit603,Instagram,85817,8.94,6662,462,13,Travel,Delhi,32172,25-34,Mixed,9.15,71597
INF0165,Siddharth241,Instagram,58416,6.8,3956,162,30,Education,Chennai,57284,35-44,Mixed,8.87,52970
INF0166,Ekalinga270,YouTube,28283,3.91,813,476,30,Gaming,Bengaluru,32064,18-24,Male,3.93,52977
INF0167,Jagvi385,YouTube,5684,8.87,395,60,14,Tech,Kolkata,4525,13-17,Female,1.82,8068
INF0168,Hiral832,YouTube,54346,9.77,3749,284,13,Lifestyle,Mumbai,42880,35-44,Male,3.29,87468
INF0169,Wishi830,Instagram,41799,8.64,2823,484,26,Fashion,Hyderabad,27600,35-44,Male,5.5,62647
INF0170,Ati862,YouTube,43841,3.22,1224,157,24,Fashion,Hyderabad,37245,25-34,Mixed,4.11,58904
INF0171,Chakradev460,Instagram,57449,4.96,2523,386,7,Fashion,Jaipur,63444,35-44,Male,7.44,50977
INF0172,Ansh598,Instagram,46646,9.63,3488,334,20,Fashion,Mumbai,49530,13-17,Male,7.05,131601
INF0173,Pahal650,YouTube,6849,3.24,187,257,16,Fashion,Kolkata,7386,25-34,Mixed,7.37,18367
INF0174,Girik726,YouTube,20049,10.19,1490,327,11,Beauty,Mumbai,20211,18-24,Male,9.28,28729
INF0175,Caleb286,YouTube,22004,6.61,1266,314,29,Lifestyle,Delhi,23513,35-44,Mixed,7.91,54164
INF0176,Max356,Instagram,92918,8.99,7678,380,26,Fashion,Vijayawada,100214,13-17,Female,7.32,161143
INF0177,Isaac720,YouTube,51345,9.0,4209,54,27,Travel,Chennai,16433,18-24,Mixed,8.41,151782
INF0178,Zashil654,YouTube,59890,10.28,5842,90,15,Lifestyle,Mumbai,66135,13-17,Male,3.24,120089
INF0179,Nidhi467,Instagram,5637,10.0,424,349,25,Travel,Delhi,3806,13-17,Female,3.08,5023
INF0180,Warinder390,Instagram,24079,11.47,2090,57,15,Finance,Chennai,13534,35-44,Mixed,8.33,26401
INF0181,Idika931,Instagram,62123,5.59,2727,434,25,Fitness,Kolkata,59374,13-17,Male,3.98,87191
INF0182,Forum330,YouTube,22341,5.2,842,76,28,Finance,Kolkata,16279,25-34,Male,3.89,42056
INF0183,Garima218,YouTube,90070,9.26,6739,438,5,Fitness,Pune,69170,18-24,Mixed,9.62,220803
INF0184,Geetika580,Instagram,63734,11.99,7428,248,15,Travel,Delhi,63073,25-34,Mixed,6.73,52139
INF0185,Leela920,Instagram,8773,11.25,897,376,4,Fashion,Vijayawada,8277,35-44,Female,6.19,15076
INF0186,Ekapad859,Instagram,13996,10.97,1111,165,25,Travel,Ahmedabad,12834,35-44,Male,2.66,21754
INF0187,Sachi306,YouTube,60395,2.09,947,64,25,Tech,Hyderabad,61955,25-34,Mixed,4.58,169787
INF0188,Rohan837,YouTube,91955,4.83,3309,453,4,Education,Delhi,86094,13-17,Female,5.16,86564
INF0189,Samuel785,YouTube,53632,6.74,2812,284,5,Travel,Vijayawada,47421,35-44,Female,9.42,88694
INF0190,Varenya64,YouTube,91286,3.84,3136,72,8,Beauty,Jaipur,101553,35-44,Mixed,5.89,193700
INF0191,Jacob693,YouTube,59473,4.98,2266,365,8,Beauty,Kolkata,43651,13-17,Mixed,0.92,143075
INF0192,Zashil524,YouTube,48028,11.95,4643,472,15,Lifestyle,Hyderabad,50350,25-34,Male,5.75,96268
INF0193,Vanya791,YouTube,8078,9.41,593,226,17,Lifestyle,Mumbai,4199,18-24,Male,6.59,12283
INF0194,Chakradhar593,Instagram,66367,7.53,3621,256,22,Finance,Mumbai,34242,35-44,Mixed,4.13,69118
INF0195,Lavanya151,Instagram,52463,10.57,5169,165,29,Fashion,Ahmedabad,22744,18-24,Female,2.11,52376
INF0196,Tanay67,YouTube,83639,2.34,1785,343,21,Tech,Pune,76130,25-34,Mixed,8.02,195742
INF0197,Alka332,Instagram,66453,3.35,1657,148,25,Finance,Chennai,29018,35-44,Mixed,7.61,167118
INF0198,Henry53,YouTube,32495,6.66,1792,265,16,Beauty,Kolkata,35995,35-44,Female,4.06,72665
INF0199,Atharv286,YouTube,6021,6.49,386,247,26,Beauty,Jaipur,2888,25-34,Female,2.33,12058
INF0200,Siya829,Instagram,98219,4.48,4294,408,13,Gaming,Chennai,43629,18-24,Mixed,1.76,290148
INF0201,Krish653,YouTube,23678,5.84,1131,472,12,Fashion,Ahmedabad,21338,18-24,Mixed,3.81,36653
INF0202,Lila689,Instagram,58789,2.67,1184,337,7,Education,Vijayawada,35794,25-34,Female,6.13,112790
INF0203,Lavanya451,Instagram,58405,6.2,3544,292,6,Travel,Chennai,23422,35-44,Male,2.01,91883
INF0204,Rayaan487,YouTube,91402,3.19,2723,466,26,Finance,Hyderabad,35398,25-34,Male,1.6,270735
INF0205,Kamala559,Instagram,65610,5.72,3501,449,26,Education,Ahmedabad,51701,25-34,Male,8.83,145724
INF0206,Aahana591,YouTube,10316,3.68,279,337,10,Travel,Jaipur,5374,13-17,Mixed,8.16,8747
INF0207,Nitara951,YouTube,91016,8.19,6050,316,30,Education,Bengaluru,69253,13-17,Male,1.21,176031
INF0208,Triya662,Instagram,59460,7.58,4254,256,6,Fashion,Kolkata,62649,13-17,Female,5.63,76467
INF0209,Tarak102,YouTube,58964,11.59,6002,469,17,Finance,Delhi,40492,18-24,Male,3.37,130121
INF0210,Ekapad696,Instagram,38821,4.24,1484,384,26,Lifestyle,Delhi,27140,35-44,Male,1.2,63299
INF0211,Oviya394,YouTube,87938,6.63,4479,194,23,Fitness,Hyderabad,66480,25-34,Mixed,9.9,109675
INF0212,Meera943,Instagram,36787,7.66,2116,427,29,Lifestyle,Kolkata,29940,25-34,Female,5.28,82803
INF0213,Bina72,YouTube,51351,8.41,4151,74,17,Gaming,Mumbai,30023,35-44,Mixed,5.23,149175
INF0214,Omisha858,YouTube,46287,9.71,3810,290,28,Tech,Hyderabad,51697,25-34,Mixed,3.37,105288
INF0215,Nicholas490,Instagram,73517,7.06,3654,211,20,Education,Vijayawada,39412,25-34,Male,3.1,128428
INF0216,Ranveer803,Instagram,29766,8.98,2086,398,14,Fitness,Bengaluru,14015,35-44,Mixed,7.92,45694
INF0217,Warjas345,YouTube,95054,9.69,7306,451,22,Food,Vijayawada,84080,35-44,Male,5.7,168925
INF0218,Advik166,Instagram,17579,5.1,650,216,17,Fitness,Kolkata,10179,18-24,Female,1.26,39231
INF0219,Gavin936,YouTube,98133,5.56,4117,458,5,Fitness,Bengaluru,74407,18-24,Male,1.92,123142
INF0220,Yug989,YouTube,91507,5.27,4427,160,29,Lifestyle,Mumbai,43939,18-24,Male,1.29,273319
INF0221,Harini167,YouTube,88955,6.38,4397,334,27,Education,Bengaluru,46289,18-24,Male,8.24,94281
INF0222,Anika188,Instagram,32158,6.21,1613,90,26,Tech,Bengaluru,34424,18-24,Mixed,9.74,92126
INF0223,Kai25,Instagram,95078,7.22,5158,396,12,Education,Hyderabad,31669,25-34,Mixed,6.15,217583
INF0224,Azaan622,YouTube,99473,3.22,2793,294,9,Travel,Hyderabad,84178,13-17,Male,0.97,275413
INF0225,Krishna986,YouTube,47780,9.73,3745,48,19,Lifestyle,Pune,26207,35-44,Male,3.76,102152
INF0226,Urvi524,Instagram,35668,4.98,1520,484,29,Fashion,Bengaluru,13368,13-17,Mixed,2.01,48554
INF0227,Gunbir999,YouTube,91297,9.35,7468,217,9,Tech,Vijayawada,58510,25-34,Mixed,5.48,208288
INF0228,Nitesh747,Instagram,50332,2.62,1240,384,6,Fitness,Ahmedabad,44384,18-24,Mixed,4.03,90004
INF0229,Yochana836,Instagram,36963,2.94,1011,247,29,Finance,Bengaluru,42625,35-44,Mixed,2.07,62386
INF0230,Kamya358,Instagram,32718,7.27,1889,194,14,Fashion,Chennai,16501,18-24,Male,3.39,95945
INF0231,Nakul26,YouTube,66605,2.33,1132,80,28,Lifestyle,Kolkata,20227,13-17,Mixed,1.93,182060
INF0232,Yahvi723,YouTube,15778,2.59,358,92,7,Tech,Vijayawada,13842,25-34,Male,2.42,45856
INF0233,Fitan688,YouTube,69759,3.37,2317,363,20,Travel,Bengaluru,40629,13-17,Female,6.01,174083
INF0234,Sanya502,Instagram,56489,3.89,2052,456,27,Education,Chennai,18437,35-44,Female,6.51,77570
INF0235,Vasatika845,Instagram,67998,2.45,1334,166,18,Beauty,Kolkata,45737,18-24,Mixed,4.58,137123
INF0236,Parth911,YouTube,49067,5.71,2261,117,21,Finance,Mumbai,44386,35-44,Male,2.86,103989
INF0237,Ayushman435,Instagram,37141,7.4,2457,267,30,Finance,Bengaluru,34543,35-44,Female,9.45,46069
INF0238,Krishna822,YouTube,74369,3.54,2142,333,11,Gaming,Ahmedabad,50917,18-24,Female,5.88,86824
INF0239,Upasna177,YouTube,68388,8.8,4286,80,24,Fashion,Pune,44593,25-34,Mixed,5.24,171453
INF0240,Vanya50,YouTube,84146,10.88,8444,474,29,Finance,Vijayawada,76784,25-34,Female,2.48,234147
INF0241,Theodore765,YouTube,77686,2.69,1876,321,4,Travel,Hyderabad,44904,35-44,Female,3.25,211729
INF0242,Gunbir825,YouTube,22619,11.41,1969,345,10,Food,Kolkata,13790,25-34,Male,0.54,32829
INF0243,Nisha443,YouTube,95076,11.87,11196,369,25,Education,Hyderabad,92735,35-44,Female,4.78,179157
INF0244,Dalbir339,Instagram,65898,2.64,1646,407,14,Gaming,Pune,73822,13-17,Female,4.48,179334
INF0245,Kiaan891,YouTube,26277,6.96,1553,376,4,Tech,Jaipur,24339,25-34,Mixed,5.18,34729
INF0246,Vasana231,Instagram,54309,5.26,2656,369,6,Gaming,Ahmedabad,38384,35-44,Mixed,3.93,103448
INF0247,Jeevika262,YouTube,11539,10.19,1098,239,10,Fashion,Mumbai,11914,18-24,Female,5.91,12952
INF0248,Anirudh155,YouTube,53606,8.95,4742,471,15,Tech,Ahmedabad,56309,25-34,Male,6.54,160664
INF0249,Champak298,YouTube,10571,4.59,431,366,15,Travel,Kolkata,6502,25-34,Male,2.38,22279
INF0250,Pahal509,YouTube,20078,3.12,537,63,8,Education,Hyderabad,14108,18-24,Female,1.9,35847
INF0251,Yashawini246,YouTube,13990,7.75,921,494,5,Fitness,Ahmedabad,10022,25-34,Female,3.25,37905
INF0252,Peter61,YouTube,42830,8.95,2848,342,4,Gaming,Mumbai,28827,18-24,Mixed,1.79,91551
INF0253,Damyanti504,Instagram,87576,3.7,2269,342,20,Education,Kolkata,56306,18-24,Male,2.36,173919
INF0254,Ekaja764,Instagram,88171,5.01,3518,327,14,Fitness,Bengaluru,38831,35-44,Male,1.25,94772
INF0255,Nimrat78,Instagram,20275,6.93,1125,264,23,Food,Kolkata,19937,25-34,Mixed,3.83,41042
INF0256,Zashil414,Instagram,42552,5.63,2202,129,16,Travel,Vijayawada,24980,18-24,Female,7.36,83285
INF0257,Triya278,Instagram,64993,10.51,5503,283,24,Food,Vijayawada,30538,35-44,Male,8.34,167437
INF0258,Ekapad114,Instagram,28244,8.94,1806,340,11,Tech,Pune,16494,35-44,Mixed,4.72,81387
INF0259,Jack100,Instagram,26586,11.86,2311,471,20,Gaming,Vijayawada,26323,25-34,Female,9.45,55997
INF0260,Dayamai536,Instagram,97962,7.28,6971,392,19,Gaming,Hyderabad,60652,25-34,Male,5.45,185737
INF0261,Ria360,YouTube,89689,8.82,6034,37,18,Fashion,Hyderabad,107511,35-44,Mixed,9.58,259241
INF0262,Suhani53,YouTube,56025,5.21,2910,152,7,Fashion,Mumbai,40141,13-17,Male,8.02,127001
INF0263,Balendra931,Instagram,89255,2.24,1437,349,6,Tech,Mumbai,99376,35-44,Female,9.98,159377
INF0264,Gabriel899,YouTube,65288,6.94,3531,65,13,Travel,Bengaluru,72272,18-24,Male,2.19,83247
INF0265,Anirudh61,Instagram,27192,2.09,435,393,21,Fashion,Jaipur,18719,25-34,Male,4.95,29500
INF0266,Gavin617,Instagram,24115,6.46,1110,114,14,Tech,Ahmedabad,14545,18-24,Male,7.2,37572
INF0267,Leena313,Instagram,8926,6.62,530,291,10,Fashion,Chennai,5147,18-24,Mixed,3.36,13812
INF0268,Adweta166,Instagram,48631,6.51,2881,143,9,Fashion,Hyderabad,27721,25-34,Mixed,8.0,110315
INF0269,Hamsini329,Instagram,62484,9.97,4389,249,6,Food,Pune,41454,35-44,Male,2.5,175786
INF0270,Dalbir588,YouTube,37947,4.66,1286,141,22,Food,Mumbai,43575,18-24,Mixed,7.83,84900
INF0271,Zarna497,YouTube,76329,6.93,5004,156,18,Fashion,Hyderabad,80173,35-44,Female,9.82,132191
INF0272,Lila958,YouTube,35791,11.63,3651,413,28,Fitness,Delhi,24293,25-34,Female,9.69,73442
INF0273,Urmi89,YouTube,40288,7.73,2407,57,7,Finance,Jaipur,14137,13-17,Male,2.61,103495
INF0274,Aadi738,YouTube,45271,6.02,2097,195,14,Tech,Hyderabad,45909,18-24,Female,6.91,102984
INF0275,Qadim410,YouTube,80371,11.26,7646,329,22,Beauty,Jaipur,25667,13-17,Female,6.06,235302
INF0276,Max785,YouTube,32545,3.54,1018,170,12,Fitness,Jaipur,25033,35-44,Male,6.79,97330
INF0277,Bachittar284,Instagram,74908,2.99,2032,51,18,Gaming,Ahmedabad,71796,25-34,Male,5.49,149908
INF0278,Damyanti177,YouTube,18925,9.53,1683,34,19,Finance,Vijayawada,19815,18-24,Female,8.34,34479
INF0279,Suhani915,YouTube,13274,6.2,634,206,20,Travel,Kolkata,8393,18-24,Mixed,9.6,27128
INF0280,Upasna714,YouTube,14629,4.55,524,114,6,Beauty,Jaipur,11933,25-34,Female,1.26,40995
INF0281,Shaurya620,Instagram,89877,3.38,2772,418,29,Education,Hyderabad,52694,13-17,Male,5.13,255965
INF0282,Luke239,YouTube,58634,2.32,1299,411,12,Lifestyle,Delhi,65766,35-44,Mixed,2.42,88620
INF0283,Meera998,YouTube,27065,10.48,2808,296,13,Travel,Pune,28794,18-24,Mixed,3.6,66539
INF0284,Keya717,Instagram,24256,4.24,973,298,27,Fitness,Ahmedabad,24288,13-17,Male,4.19,50071
INF0285,Lavanya76,YouTube,48189,4.6,1803,415,21,Fashion,Bengaluru,41093,25-34,Mixed,2.8,53257
INF0286,Upkaar903,YouTube,80676,5.37,3925,97,26,Food,Bengaluru,43224,25-34,Mixed,9.09,184911
INF0287,Baljiwan37,YouTube,67645,8.53,5723,110,26,Gaming,Ahmedabad,54842,35-44,Female,7.54,91837
INF0288,Kabir193,Instagram,67037,10.93,6624,463,29,Beauty,Ahmedabad,42289,13-17,Female,4.1,187464
INF0289,Ati76,Instagram,30517,7.39,1591,399,29,Education,Chennai,19468,13-17,Female,0.61,90739
INF0290,Om114,Instagram,82458,7.66,6249,178,29,Tech,Mumbai,48330,13-17,Male,7.52,161627
INF0291,Robert868,Instagram,58489,11.15,5496,428,8,Food,Pune,58896,13-17,Female,3.59,52896
INF0292,Ishwar752,Instagram,47236,4.67,1656,25,4,Beauty,Jaipur,15073,18-24,Mixed,7.99,97837
INF0293,Maanas580,YouTube,56691,10.42,5050,399,16,Fashion,Vijayawada,28830,25-34,Mixed,6.07,153680
INF0294,Maanas826,Instagram,59207,4.41,2560,22,19,Fitness,Bengaluru,64897,13-17,Mixed,7.69,127893
INF0295,Yashoda301,Instagram,17390,7.65,1067,422,23,Beauty,Kolkata,19181,35-44,Male,5.24,16460
INF0296,Upadhriti126,YouTube,9852,11.77,1031,483,24,Fashion,Pune,3973,13-17,Mixed,2.56,14845
INF0297,Amaira534,Instagram,66543,8.37,5291,325,18,Food,Chennai,51147,13-17,Female,7.08,62031
INF0298,Kamala273,YouTube,49220,4.15,1771,242,27,Travel,Ahmedabad,27657,13-17,Mixed,8.59,56377
INF0299,Nathaniel519,Instagram,58590,6.52,3590,438,21,Gaming,Ahmedabad,62573,25-34,Mixed,4.27,61498
INF0300,Jagat825,Instagram,14479,6.74,819,476,9,Fashion,Delhi,15729,35-44,Male,5.77,24750
INF0301,Gunbir952,YouTube,59108,9.31,4771,37,7,Education,Delhi,69777,13-17,Mixed,2.75,107713
INF0302,Chandresh60,Instagram,35122,10.86,3244,350,10,Finance,Mumbai,27357,13-17,Male,4.67,30294
INF0303,Radha453,YouTube,98132,6.15,5912,412,19,Finance,Delhi,36774,25-34,Male,6.35,182177
INF0304,Vasatika624,YouTube,34394,7.93,2033,196,5,Lifestyle,Kolkata,28968,18-24,Female,4.63,46940
INF0305,Kevin60,YouTube,85899,5.29,3313,348,27,Travel,Jaipur,48813,35-44,Male,3.07,134900
INF0306,Chatresh579,Instagram,73468,7.39,5132,325,29,Tech,Hyderabad,23710,35-44,Female,2.74,128713
INF0307,Sarthak681,YouTube,44737,6.38,2685,159,28,Education,Vijayawada,21480,35-44,Male,4.02,107763
INF0308,Tripti772,Instagram,91672,7.37,5097,40,11,Fashion,Bengaluru,107481,13-17,Female,7.18,243493
INF0309,Frado794,Instagram,81124,2.35,1356,266,9,Fashion,Delhi,81744,13-17,Male,6.84,69545
INF0310,Fitan748,Instagram,59636,11.33,5220,452,24,Travel,Bengaluru,25948,35-44,Female,2.71,162103
INF0311,Ranbir644,Instagram,33640,9.0,2162,146,23,Fitness,Bengaluru,20876,13-17,Female,5.22,35136
INF0312,Raghav287,YouTube,55174,9.18,4233,118,19,Fashion,Ahmedabad,64497,18-24,Male,8.23,84243
INF0313,Samar168,Instagram,96157,5.13,4509,449,20,Fitness,Hyderabad,48003,25-34,Male,1.96,279135
INF0314,Abdul292,YouTube,10773,8.94,757,370,22,Gaming,Bengaluru,11388,13-17,Mixed,2.58,9792
INF0315,Zansi78,Instagram,28258,10.17,2125,63,11,Gaming,Chennai,19248,35-44,Male,3.26,48267
INF0316,Anamika234,Instagram,78919,7.09,4593,306,28,Lifestyle,Jaipur,27666,18-24,Female,8.69,65356
INF0317,Henry860,YouTube,89835,5.57,4376,418,24,Fitness,Kolkata,104578,25-34,Female,3.98,200962
INF0318,Udyati354,Instagram,78991,11.18,8182,89,18,Fitness,Kolkata,52223,18-24,Male,7.61,78621
INF0319,Pushti544,Instagram,35008,5.91,1831,428,12,Beauty,Mumbai,17402,18-24,Mixed,6.92,96509
INF0320,David572,Instagram,83011,6.57,5403,165,19,Fitness,Vijayawada,61048,18-24,Mixed,2.2,170538
INF0321,Aarnav146,Instagram,22945,2.14,463,417,20,Tech,Ahmedabad,14303,18-24,Male,2.65,45249
INF0322,Dayita280,Instagram,48695,10.3,3571,442,12,Lifestyle,Mumbai,19606,18-24,Male,2.66,108561
INF0323,Tejas882,Instagram,76958,7.59,5559,154,23,Lifestyle,Ahmedabad,27683,35-44,Mixed,8.69,118031
INF0324,Shravya904,YouTube,58895,2.91,1429,255,5,Lifestyle,Bengaluru,68631,25-34,Male,3.49,112135
INF0325,Odika791,Instagram,37303,6.85,2026,183,22,Fashion,Vijayawada,15042,25-34,Male,5.54,109487
INF0326,Balendra542,YouTube,16956,7.29,1133,160,25,Gaming,Delhi,12537,35-44,Mixed,4.9,27717
INF0327,Vanya19,Instagram,66432,6.77,3877,393,26,Lifestyle,Delhi,72714,18-24,Male,6.0,94613
INF0328,Leela256,Instagram,85699,4.32,3414,61,29,Travel,Mumbai,31480,25-34,Female,7.65,150794
INF0329,Isaiah41,YouTube,99690,11.43,10818,390,26,Education,Mumbai,98946,25-34,Mixed,3.98,266480
INF0330,Aarush631,YouTube,23706,2.87,543,148,5,Beauty,Bengaluru,10543,13-17,Mixed,2.22,31628
INF0331,Guneet271,YouTube,96611,6.07,4902,20,11,Lifestyle,Chennai,57924,13-17,Male,5.82,181796
INF0332,Ranveer273,YouTube,33210,6.37,1556,269,18,Travel,Mumbai,22890,13-17,Male,3.16,60292
INF0333,Amruta874,YouTube,78586,8.28,6460,402,19,Beauty,Bengaluru,94159,35-44,Male,8.3,88040
INF0334,Ekavir145,Instagram,11166,2.8,247,399,22,Travel,Jaipur,6973,18-24,Mixed,2.88,11101
INF0335,Sai408,YouTube,79899,6.52,3688,335,21,Fitness,Delhi,38475,35-44,Female,0.52,158201
INF0336,Indira895,Instagram,92681,7.27,6133,491,7,Fashion,Vijayawada,70247,35-44,Mixed,9.27,149397
INF0337,Arjun664,YouTube,13383,10.41,1246,317,21,Education,Pune,9061,18-24,Male,8.42,31458
INF0338,William80,Instagram,81187,11.67,8048,497,18,Gaming,Kolkata,36767,35-44,Mixed,2.68,74482
INF0339,Sara235,Instagram,27537,9.65,2280,255,5,Food,Hyderabad,15978,35-44,Mixed,2.84,68587
INF0340,Oliver168,YouTube,54507,10.69,4869,404,12,Lifestyle,Ahmedabad,32560,25-34,Male,1.45,102908
INF0341,Bhavini892,Instagram,39424,4.31,1623,245,21,Lifestyle,Delhi,27704,18-24,Female,8.38,113522
INF0342,Vamakshi451,Instagram,33194,3.6,942,324,26,Fitness,Kolkata,19064,13-17,Female,2.8,88709
INF0343,Faraj203,YouTube,43380,2.11,866,301,15,Fashion,Bengaluru,46318,35-44,Mixed,3.61,53347
INF0344,Idika124,Instagram,69440,4.23,2472,77,18,Beauty,Kolkata,30386,25-34,Mixed,7.43,71017
INF0345,Faris934,Instagram,60542,7.67,4084,490,22,Beauty,Delhi,58633,18-24,Mixed,3.4,54432
INF0346,Saanvi255,YouTube,81361,10.22,7452,93,23,Food,Chennai,54266,13-17,Female,4.8,97301
INF0347,Sudiksha507,YouTube,98379,9.2,7702,240,5,Beauty,Pune,42217,25-34,Female,8.34,129625
INF0348,Onkar715,Instagram,88205,6.33,3918,387,6,Education,Mumbai,37729,13-17,Female,5.5,252942
INF0349,Nitesh83,YouTube,8287,2.42,174,227,6,Travel,Ahmedabad,5832,25-34,Mixed,1.96,19121
INF0350,Deepa235,Instagram,46027,11.03,4944,493,7,Lifestyle,Vijayawada,16406,35-44,Female,9.51,112713
INF0351,Sai160,Instagram,92121,2.19,1425,201,24,Food,Jaipur,75155,13-17,Mixed,5.35,124226
INF0352,Arunima393,Instagram,24525,5.44,1168,400,7,Tech,Chennai,10953,18-24,Male,3.19,49145
INF0353,Abhimanyu542,YouTube,47008,10.43,3470,244,24,Travel,Bengaluru,20823,35-44,Mixed,2.84,131116
INF0354,Idika859,Instagram,82156,11.8,7791,480,15,Gaming,Mumbai,51032,13-17,Male,3.86,219719
INF0355,Isaiah264,YouTube,42005,2.88,1192,72,26,Gaming,Hyderabad,46824,13-17,Mixed,4.6,77634
INF0356,Vrishti207,YouTube,39961,5.01,1548,86,18,Fitness,Mumbai,14658,18-24,Male,4.58,89378
INF0357,Neelima497,Instagram,57080,2.28,1142,239,22,Fashion,Bengaluru,60322,25-34,Female,3.07,98416
INF0358,Chatura440,Instagram,28760,5.88,1661,317,25,Beauty,Jaipur,33872,18-24,Mixed,7.47,29958
INF0359,Parth120,Instagram,8264,3.47,212,330,6,Gaming,Bengaluru,7282,25-34,Male,2.69,17721
INF0360,Charan675,YouTube,16776,11.82,1465,222,10,Fitness,Kolkata,15777,35-44,Mixed,1.04,48534
INF0361,Urmi36,YouTube,89549,6.97,5298,493,21,Fashion,Kolkata,28446,35-44,Mixed,8.12,145396
INF0362,Owen936,Instagram,45354,6.4,2323,187,21,Fashion,Vijayawada,30873,35-44,Male,5.87,63110
INF0363,Advaith696,Instagram,20427,5.23,941,120,9,Lifestyle,Kolkata,6912,25-34,Mixed,0.87,38202
INF0364,Kavya935,YouTube,70262,10.47,6309,397,10,Travel,Bengaluru,84246,25-34,Mixed,0.81,128463
INF0365,Harita116,Instagram,40196,2.71,845,351,26,Lifestyle,Bengaluru,18446,25-34,Male,3.36,51087
INF0366,Nidhi497,YouTube,68950,7.73,4461,455,23,Lifestyle,Hyderabad,37713,25-34,Female,4.42,139364
INF0367,Arin908,YouTube,42329,5.54,1712,433,11,Food,Bengaluru,35234,25-34,Female,2.03,92851
INF0368,Amol493,YouTube,65291,9.0,5057,362,22,Finance,Mumbai,34129,18-24,Male,1.63,79548
INF0369,Tanvi227,Instagram,97442,11.49,10710,280,22,Fitness,Ahmedabad,73241,25-34,Mixed,1.26,97903
INF0370,Lohit895,Instagram,86078,3.98,2823,324,17,Travel,Ahmedabad,65011,18-24,Mixed,5.64,234200
INF0371,Ridhi252,YouTube,39180,7.86,2848,357,18,Food,Ahmedabad,35974,35-44,Male,1.09,111583
INF0372,Hemang132,YouTube,24901,5.21,1229,325,16,Food,Delhi,17186,13-17,Male,0.78,59051
INF0373,Zaid54,YouTube,69573,11.31,5690,469,19,Finance,Pune,38454,18-24,Male,9.41,170941
INF0374,Ayaan193,Instagram,95050,3.86,3515,387,14,Tech,Bengaluru,33579,18-24,Male,3.21,224857
INF0375,Mason634,YouTube,9860,9.38,841,95,12,Travel,Kolkata,10640,18-24,Female,4.77,8559
INF0376,Bishakha318,Instagram,68834,4.86,3102,277,6,Education,Vijayawada,33953,25-34,Female,7.15,99420
INF0377,Anita91,Instagram,38873,7.28,2024,234,23,Gaming,Chennai,15808,35-44,Female,2.57,45568
INF0378,Samar569,Instagram,22687,10.22,1865,150,15,Beauty,Kolkata,25891,18-24,Female,0.56,62668
INF0379,Omisha18,Instagram,7340,9.96,696,179,13,Travel,Vijayawada,5322,13-17,Mixed,3.43,16314
INF0380,Chasmum393,Instagram,94212,7.64,6133,46,8,Beauty,Pune,41415,13-17,Mixed,1.03,143942
INF0381,Anjali322,Instagram,8600,3.53,215,417,26,Fitness,Jaipur,8301,25-34,Male,2.18,17761
INF0382,Netra363,Instagram,55821,8.04,4081,192,18,Beauty,Ahmedabad,60017,13-17,Female,0.93,46923
INF0383,Nilima115,Instagram,72585,5.41,3294,423,10,Education,Delhi,48849,13-17,Female,2.86,116000
INF0384,Patrick377,Instagram,95207,8.59,5959,61,17,Beauty,Delhi,51337,18-24,Mixed,2.74,255034
INF0385,Yashodhara434,Instagram,10747,4.97,446,29,18,Education,Ahmedabad,10500,13-17,Male,0.55,16886
INF0386,Radha269,Instagram,51645,3.02,1380,90,5,Beauty,Delhi,26675,25-34,Mixed,7.77,56373
INF0387,Aarush999,YouTube,16483,7.74,1242,271,9,Beauty,Pune,11454,13-17,Male,5.19,15426
INF0388,Devansh751,Instagram,68937,9.83,6670,160,22,Tech,Ahmedabad,53808,13-17,Male,2.04,83867
INF0389,Anamika784,YouTube,84011,3.38,2422,92,8,Beauty,Bengaluru,71729,35-44,Male,4.61,145633
INF0390,Ekiya307,YouTube,73540,6.25,4067,39,18,Beauty,Vijayawada,72735,25-34,Female,2.5,213380
INF0391,Indrajit566,YouTube,85428,2.4,1548,56,4,Beauty,Chennai,60227,25-34,Male,3.84,82471
INF0392,Jagrati162,Instagram,65521,5.99,2793,285,8,Lifestyle,Kolkata,75049,35-44,Mixed,3.72,165985
INF0393,Anusha227,YouTube,81278,5.06,3570,229,29,Education,Mumbai,32421,35-44,Female,3.32,217172
INF0394,Jagat748,YouTube,84682,9.26,6777,379,28,Education,Jaipur,54180,18-24,Male,7.87,73447
INF0395,Panini394,YouTube,77576,7.54,5727,78,14,Tech,Bengaluru,85924,18-24,Male,7.69,101842
INF0396,Ojas446,Instagram,95259,7.28,6849,119,9,Beauty,Bengaluru,96511,13-17,Mixed,3.52,160130
INF0397,Ekbal373,Instagram,27755,7.26,1586,73,20,Travel,Chennai,32153,25-34,Male,4.73,53780
INF0398,Kashvi630,Instagram,40224,9.46,3224,361,25,Education,Ahmedabad,25459,25-34,Male,0.94,49732
INF0399,Advik669,YouTube,68922,4.75,2719,455,7,Fashion,Bengaluru,35654,18-24,Female,4.2,57440
INF0400,Michael893,YouTube,83838,4.05,3276,363,21,Tech,Ahmedabad,83078,25-34,Male,8.31,242351
INF0401,Priya295,Instagram,55528,9.0,4829,373,26,Gaming,Ahmedabad,43800,18-24,Mixed,2.81,80084
INF0402,Lekha573,YouTube,19272,8.72,1228,407,9,Tech,Hyderabad,10901,35-44,Female,6.1,33199
INF0403,Upadhriti635,YouTube,60798,11.54,5269,450,26,Tech,Vijayawada,64200,25-34,Male,1.72,174972
INF0404,Yashodhara688,Instagram,5796,10.6,432,30,12,Fitness,Pune,2172,25-34,Mixed,4.63,12873
INF0405,Tarak784,YouTube,73352,4.07,2105,104,27,Fashion,Jaipur,80917,35-44,Mixed,2.93,211887
INF0406,Arunima217,Instagram,53918,10.23,5412,26,27,Fashion,Chennai,24214,35-44,Male,4.88,136964
INF0407,Leela407,YouTube,39116,2.54,759,489,22,Finance,Bengaluru,32601,25-34,Female,2.93,104119
INF0408,Abhimanyu865,YouTube,18068,10.77,1488,72,12,Education,Vijayawada,12028,25-34,Male,7.71,48557
INF0409,Onkar254,Instagram,88314,3.43,2621,25,5,Fashion,Jaipur,83515,18-24,Male,9.58,128611
INF0410,Azaan423,Instagram,28304,2.88,701,134,4,Travel,Bengaluru,11969,25-34,Male,7.57,49150
INF0411,Baghyawati14,Instagram,7388,4.58,275,83,14,Food,Bengaluru,7100,13-17,Male,9.94,12701
INF0412,Riya362,Instagram,43238,6.36,2414,130,28,Finance,Mumbai,51418,13-17,Mixed,5.6,111779
INF0413,Tanay224,YouTube,28469,7.52,1759,235,24,Beauty,Kolkata,12952,25-34,Male,6.85,33959
INF0414,Ansh624,Instagram,75918,11.97,8704,473,18,Fashion,Pune,64243,35-44,Mixed,3.79,143774
INF0415,Tara779,Instagram,99037,8.72,6677,82,29,Beauty,Kolkata,97096,13-17,Mixed,6.51,89332
INF0416,Kabir217,YouTube,46250,5.23,1993,420,12,Food,Bengaluru,55069,18-24,Male,4.63,86918
INF0417,Ladli613,Instagram,95464,5.34,4174,260,12,Education,Hyderabad,45025,25-34,Female,7.19,247544
INF0418,Gopal85,YouTube,49887,3.32,1253,491,19,Education,Pune,45358,25-34,Mixed,2.95,42151
INF0419,Sathvik856,YouTube,18311,9.31,1575,500,23,Lifestyle,Jaipur,17486,13-17,Male,7.37,39304
INF0420,Andrew172,Instagram,93360,4.01,3381,420,15,Lifestyle,Pune,75879,25-34,Mixed,6.63,79909
INF0421,Dev519,YouTube,17112,2.45,337,416,24,Food,Hyderabad,14826,25-34,Female,5.23,29123
INF0422,Harish239,YouTube,12441,8.41,832,431,20,Lifestyle,Vijayawada,7943,35-44,Female,4.21,37222
INF0423,Kai609,YouTube,85579,5.07,3310,183,29,Fitness,Hyderabad,77093,25-34,Female,9.57,129232
INF0424,Bhavya275,Instagram,61780,10.97,5412,346,16,Travel,Vijayawada,28371,35-44,Mixed,7.53,82346
INF0425,Mohammed557,Instagram,94344,3.7,3110,471,22,Gaming,Delhi,42194,18-24,Mixed,4.98,275101
INF0426,Imaran740,YouTube,71860,8.53,5519,341,26,Tech,Mumbai,37909,13-17,Mixed,1.84,165414
INF0427,Hemani473,YouTube,13729,8.91,1176,491,27,Finance,Delhi,4689,35-44,Mixed,8.96,15624
INF0428,Chakrika181,Instagram,15370,3.59,470,155,19,Travel,Chennai,13186,13-17,Male,7.43,35955
INF0429,Sathvik604,Instagram,31468,7.31,2266,58,15,Fashion,Chennai,15147,35-44,Male,4.94,37141
INF0430,Mitesh749,Instagram,95016,8.49,6080,298,14,Food,Mumbai,78882,13-17,Female,8.1,171301
INF0431,Noah275,YouTube,11155,5.3,544,116,4,Fashion,Chennai,12339,25-34,Female,5.34,30740
INF0432,Mitali89,YouTube,61104,7.52,4136,440,21,Education,Hyderabad,26336,18-24,Male,6.69,91266
INF0433,Gaurangi802,YouTube,57509,9.3,4888,59,20,Education,Chennai,21875,18-24,Mixed,1.11,117238
INF0434,Jagvi884,YouTube,92341,4.65,3913,144,4,Beauty,Chennai,102848,35-44,Female,4.88,268656
INF0435,Garima466,Instagram,34052,7.8,2127,226,26,Fashion,Jaipur,32743,18-24,Female,7.23,100631
INF0436,Waida362,YouTube,81577,2.8,1717,422,5,Lifestyle,Ahmedabad,67042,25-34,Mixed,4.46,211995
INF0437,Fitan447,Instagram,54566,11.82,4559,453,16,Beauty,Jaipur,28812,18-24,Mixed,2.57,118888
INF0438,Umang37,Instagram,41409,8.88,3112,459,23,Fitness,Vijayawada,20219,35-44,Female,3.15,53585
INF0439,Chavvi295,YouTube,79595,8.19,5442,436,15,Beauty,Kolkata,91186,13-17,Female,4.74,238465
INF0440,Gaurangi240,Instagram,98191,8.27,7263,288,6,Gaming,Chennai,37651,25-34,Male,6.44,102706
INF0441,Benjamin846,YouTube,94053,9.92,8101,214,22,Fashion,Pune,97943,13-17,Mixed,1.9,281457
INF0442,Forum877,YouTube,33785,9.94,2457,111,7,Tech,Pune,39260,13-17,Male,7.31,91477
INF0443,Ayushman52,YouTube,37419,11.75,3702,292,11,Tech,Chennai,15956,25-34,Female,7.57,40479
INF0444,Ekavir775,YouTube,26110,3.49,652,136,26,Lifestyle,Delhi,16792,35-44,Female,5.41,63729
INF0445,Hritik356,Instagram,77333,9.67,5796,315,19,Travel,Chennai,92095,35-44,Mixed,6.06,136978
INF0446,Udant80,YouTube,17019,7.68,1051,454,16,Finance,Chennai,13113,18-24,Mixed,2.42,14228
INF0447,Barkha11,Instagram,8676,5.59,460,229,25,Education,Hyderabad,8842,35-44,Mixed,9.95,25709
INF0448,Bhavini489,Instagram,14290,5.29,613,193,9,Food,Mumbai,13355,13-17,Male,7.46,32287
INF0449,Hritik640,Instagram,33765,8.29,2236,234,30,Tech,Pune,17513,35-44,Female,8.6,42975
INF0450,Bhavani731,Instagram,74140,11.12,6875,292,19,Food,Pune,22976,18-24,Male,1.56,80080
INF0451,Timothy440,Instagram,74467,11.52,7951,69,15,Travel,Jaipur,31839,13-17,Mixed,5.75,115783
INF0452,Udant419,Instagram,7353,10.32,612,169,30,Finance,Bengaluru,4581,25-34,Female,1.07,11445
INF0453,Ria338,Instagram,97592,5.39,3712,469,17,Lifestyle,Hyderabad,48016,35-44,Male,5.86,80899
INF0454,Nathan157,YouTube,67249,7.18,3473,397,14,Lifestyle,Kolkata,48180,18-24,Female,5.01,99871
INF0455,Gaurangi980,YouTube,77921,6.41,4421,175,27,Lifestyle,Pune,63604,18-24,Mixed,1.68,205602
INF0456,Frederick353,Instagram,62604,8.29,4183,217,8,Finance,Pune,35102,18-24,Mixed,3.59,137784
INF0457,Xiti793,YouTube,57614,9.02,3766,111,10,Fashion,Jaipur,57391,25-34,Female,6.21,74155
INF0458,Vidhi877,YouTube,86438,11.11,8657,450,14,Education,Mumbai,45837,18-24,Mixed,2.79,155797
INF0459,Hardik14,Instagram,57863,6.39,3435,340,16,Fitness,Delhi,32499,25-34,Male,5.76,51370
INF0460,Advaith633,Instagram,73939,8.21,5857,191,9,Travel,Ahmedabad,75410,35-44,Female,0.53,146622
INF0461,Owen399,Instagram,52873,8.89,3705,189,29,Fitness,Chennai,29274,18-24,Mixed,7.77,113385
INF0462,Chasmum544,YouTube,61535,11.78,5438,398,17,Fitness,Hyderabad,46250,13-17,Male,5.77,107393
INF0463,Kashish876,Instagram,96925,11.71,10864,458,29,Gaming,Vijayawada,112217,18-24,Male,6.89,95955
INF0464,Qushi45,YouTube,53072,6.07,2602,435,13,Travel,Delhi,54247,25-34,Female,3.02,154333
INF0465,Unni515,YouTube,59659,10.09,4520,394,16,Food,Chennai,36322,18-24,Male,2.69,160047
INF0466,Kala136,Instagram,80592,6.69,5156,61,7,Education,Vijayawada,50281,25-34,Male,4.87,201911
INF0467,Daksh103,YouTube,80824,9.54,6424,407,11,Tech,Vijayawada,77653,13-17,Male,7.49,116759
INF0468,Dipta541,YouTube,80750,11.27,6661,413,13,Food,Chennai,35779,13-17,Male,5.53,200299
INF0469,Samaksh822,YouTube,67213,10.1,5456,488,7,Beauty,Chennai,29053,25-34,Male,7.28,154778
INF0470,Ekaraj163,Instagram,83817,11.84,7747,407,25,Fitness,Bengaluru,54233,13-17,Male,6.54,221763
INF0471,Utkarsh684,YouTube,42322,2.75,1157,218,13,Food,Hyderabad,45058,35-44,Mixed,4.16,98090
INF0472,Ayush386,Instagram,82106,5.39,3591,174,15,Education,Bengaluru,89956,25-34,Male,6.72,145529
INF0473,Thomas107,Instagram,5784,11.72,479,148,7,Lifestyle,Delhi,4212,18-24,Mixed,9.95,9052
INF0474,Pratyush887,YouTube,41157,8.89,2771,343,15,Fashion,Jaipur,44698,18-24,Female,7.6,113165
INF0475,Gaurav725,YouTube,78036,11.7,8557,31,26,Beauty,Ahmedabad,69415,13-17,Male,1.6,218858
INF0476,Wridesh934,YouTube,64749,4.52,2438,118,13,Lifestyle,Bengaluru,40246,18-24,Mixed,2.09,65797
INF0477,Girik649,YouTube,38743,4.74,1534,399,9,Finance,Delhi,46377,35-44,Male,5.37,44196
INF0478,Gaurika618,YouTube,74658,6.69,4814,32,5,Education,Delhi,74566,13-17,Mixed,7.59,92234
INF0479,Ekalinga243,Instagram,5154,3.94,191,478,13,Food,Hyderabad,5711,18-24,Male,1.25,8323
INF0480,Jonathan913,YouTube,98154,5.41,4185,196,12,Food,Pune,78789,25-34,Female,1.67,125443
INF0481,Aarush654,Instagram,25836,7.55,1609,321,19,Fitness,Vijayawada,29683,35-44,Male,9.56,48943
INF0482,Hritik973,YouTube,35079,7.01,2178,34,29,Lifestyle,Mumbai,20936,35-44,Female,3.19,93101
INF0483,Laban686,Instagram,85628,4.14,3478,207,16,Fitness,Hyderabad,35990,35-44,Male,9.35,238407
INF0484,Zarna225,Instagram,17934,7.72,995,353,27,Education,Vijayawada,9508,18-24,Male,2.03,39910
INF0485,Raagini98,YouTube,85709,5.81,4602,74,9,Fashion,Delhi,70025,13-17,Female,2.08,154745
INF0486,Chaaya631,Instagram,99800,11.59,11353,87,22,Education,Bengaluru,64804,35-44,Mixed,1.21,298645
INF0487,Tripti615,YouTube,19569,6.56,1214,170,25,Tech,Vijayawada,13301,13-17,Mixed,6.32,26457
INF0488,Harsh169,Instagram,87354,8.96,6869,423,23,Gaming,Chennai,84813,18-24,Mixed,1.42,171120
INF0489,Qabil413,YouTube,44213,9.24,3665,444,5,Travel,Mumbai,17939,35-44,Male,1.79,73744
INF0490,Zayan233,Instagram,89023,8.26,6096,131,24,Travel,Vijayawada,31164,35-44,Male,2.77,213186
INF0491,Manan488,YouTube,94474,4.61,4315,492,7,Tech,Pune,82636,13-17,Male,4.29,257522
INF0492,Isaac327,Instagram,63771,3.63,1992,336,14,Tech,Pune,46648,18-24,Male,5.56,142382
INF0493,Hredhaan56,Instagram,91686,6.78,6115,381,14,Education,Delhi,44743,35-44,Male,9.83,223782
INF0494,Warda391,Instagram,82075,11.86,8848,433,12,Fitness,Bengaluru,41786,18-24,Male,6.63,217921
INF0495,Ekiya534,Instagram,45955,11.37,3658,171,25,Lifestyle,Pune,48712,25-34,Female,7.43,135401
INF0496,Arjun884,YouTube,52558,4.33,2252,133,11,Tech,Delhi,54610,35-44,Female,8.02,92061
INF0497,Aachal638,Instagram,67236,8.81,4659,285,5,Lifestyle,Ahmedabad,60400,18-24,Male,6.47,61829
INF0498,Manan239,YouTube,20770,11.46,2152,90,8,Fashion,Kolkata,7845,35-44,Female,9.39,50192
INF0499,Vinaya463,Instagram,96896,10.71,8824,449,30,Tech,Vijayawada,48661,25-34,Male,9.11,239812
INF0500,Anamika175,Instagram,13700,9.08,1078,22,14,Gaming,Hyderabad,15988,35-44,Female,2.12,19395
INF0501,Yash968,YouTube,27697,11.48,3147,70,30,Finance,Pune,23353,13-17,Female,1.34,38407
INF0502,Sudiksha436,Instagram,38648,2.8,962,387,27,Gaming,Hyderabad,16558,13-17,Female,8.41,114177
INF0503,Gaurika221,YouTube,91259,8.12,6892,396,4,Fitness,Vijayawada,72824,13-17,Mixed,4.14,106559
INF0504,Jackson46,YouTube,50387,11.46,4642,290,25,Fashion,Hyderabad,27522,13-17,Male,6.89,97392
INF0505,Joshua56,YouTube,44707,4.73,1960,283,20,Beauty,Kolkata,47278,18-24,Mixed,3.92,90036
INF0506,Arin631,YouTube,49137,8.28,3300,488,4,Beauty,Ahmedabad,56661,13-17,Mixed,0.89,142054
INF0507,Varsha381,YouTube,61527,2.84,1274,159,28,Fitness,Delhi,58290,18-24,Mixed,8.22,97013
INF0508,Irya674,YouTube,90004,6.12,4953,396,22,Education,Delhi,43739,35-44,Mixed,1.68,257923
INF0509,Dayita822,Instagram,74481,2.81,1505,339,26,Tech,Delhi,48539,13-17,Male,0.97,95897
INF0510,Bahadurjit574,Instagram,7145,6.39,421,155,28,Food,Hyderabad,6912,13-17,Female,9.67,15492
INF0511,Ria817,Instagram,33841,9.43,2950,105,22,Gaming,Kolkata,22135,18-24,Mixed,5.72,90166
INF0512,Eesha54,Instagram,84082,7.48,5056,188,25,Food,Bengaluru,35211,13-17,Male,2.38,211593
INF0513,Qasim261,YouTube,32485,11.47,2757,202,21,Finance,Chennai,17407,35-44,Male,3.28,61807
INF0514,Frederick707,Instagram,58097,11.64,6585,72,9,Fashion,Jaipur,48364,18-24,Mixed,2.33,47006
INF0515,Geetika508,YouTube,58958,11.88,6178,120,23,Education,Delhi,40839,18-24,Mixed,0.8,150344
INF0516,Geetika722,YouTube,61860,4.23,2325,200,8,Fashion,Mumbai,67599,18-24,Female,6.46,178036
INF0517,Tanvi456,Instagram,97883,11.14,8340,173,20,Fitness,Pune,95467,25-34,Mixed,3.37,208970
INF0518,Falan439,YouTube,65064,9.19,4959,139,26,Travel,Hyderabad,54708,35-44,Female,4.77,139385
INF0519,Henry926,YouTube,92986,5.6,4886,289,23,Fitness,Jaipur,55764,35-44,Female,8.24,163467
INF0520,Jyoti195,YouTube,91327,11.59,8529,379,29,Food,Vijayawada,69702,35-44,Female,3.81,88732
INF0521,Faraj676,Instagram,58133,11.92,6754,470,27,Tech,Vijayawada,67921,35-44,Male,6.35,60912
INF0522,Charles911,Instagram,91920,11.37,10140,388,6,Education,Vijayawada,108932,25-34,Male,2.48,130267
INF0523,Osha71,Instagram,55368,6.72,3713,391,24,Education,Delhi,19095,35-44,Female,9.11,78522
INF0524,Ekaraj368,YouTube,59439,6.98,3321,345,26,Food,Kolkata,47359,13-17,Male,2.0,82652
INF0525,Ronith862,Instagram,17156,9.41,1200,194,8,Food,Bengaluru,20474,13-17,Mixed,3.29,28903
INF0526,Joshua113,Instagram,78569,11.1,7199,486,28,Education,Bengaluru,54045,13-17,Male,7.83,173802
INF0527,Shravya278,Instagram,58058,3.31,1473,25,18,Travel,Vijayawada,63970,18-24,Mixed,4.3,100565
INF0528,Reyansh324,YouTube,99687,11.79,8998,479,24,Education,Bengaluru,31256,18-24,Mixed,4.66,295415
INF0529,Lekha677,Instagram,24598,7.32,1567,241,13,Fashion,Hyderabad,22045,35-44,Mixed,2.81,28107
INF0530,Eiravati589,Instagram,75720,4.5,2633,123,13,Tech,Bengaluru,55326,18-24,Male,7.33,204840
INF0531,Bachittar137,Instagram,42669,5.48,1862,57,19,Gaming,Ahmedabad,25774,18-24,Male,2.22,91552
INF0532,Ridhi69,Instagram,49619,6.94,2692,137,6,Education,Jaipur,52994,18-24,Mixed,4.68,136602
INF0533,Viraj64,YouTube,99384,9.6,9155,188,19,Gaming,Pune,77000,18-24,Mixed,6.75,211423
INF0534,Hemang262,Instagram,48195,10.53,4657,430,9,Education,Pune,51792,25-34,Mixed,8.44,63361
INF0535,Ganga829,Instagram,22773,7.45,1505,53,4,Finance,Ahmedabad,9890,35-44,Male,5.52,18884
INF0536,Pratyush871,YouTube,88845,3.88,2420,300,10,Beauty,Delhi,72881,18-24,Mixed,2.85,226780
INF0537,Vasudha516,YouTube,68071,10.1,5190,235,11,Lifestyle,Pune,42621,13-17,Female,8.96,138036
INF0538,Vamakshi864,Instagram,95820,10.09,8176,273,28,Finance,Kolkata,79052,25-34,Mixed,4.59,128104
INF0539,Indali759,YouTube,75197,10.93,7548,440,26,Tech,Hyderabad,85910,35-44,Male,5.68,218038
INF0540,Isha545,Instagram,13706,4.92,525,60,13,Lifestyle,Chennai,7677,18-24,Mixed,5.56,33219
INF0541,Teerth478,YouTube,19922,4.48,718,386,6,Fitness,Jaipur,11804,13-17,Female,9.64,21086
INF0542,Devansh453,YouTube,35997,8.36,2412,341,6,Lifestyle,Mumbai,16354,35-44,Female,0.59,40376
INF0543,Prisha10,YouTube,44398,6.52,2688,221,8,Food,Pune,23635,35-44,Female,9.35,51414
INF0544,Samesh329,Instagram,60869,9.15,4945,399,21,Fashion,Mumbai,47290,25-34,Mixed,8.53,118779
INF0545,Avi477,YouTube,45595,7.0,2746,313,24,Tech,Pune,43150,13-17,Male,6.53,99686
INF0546,Kevin803,YouTube,73125,11.61,8059,93,7,Travel,Bengaluru,42805,35-44,Male,5.93,90479
INF0547,Ekansh27,Instagram,54536,3.67,1535,173,7,Lifestyle,Hyderabad,59294,13-17,Female,1.34,151539
INF0548,Jhalak136,Instagram,58131,8.86,4744,172,21,Fitness,Vijayawada,54166,25-34,Female,7.7,50408
INF0549,Triveni188,YouTube,63710,9.52,6047,69,6,Finance,Bengaluru,49932,35-44,Male,1.22,54593
INF0550,Abeer27,Instagram,97628,4.23,3836,217,13,Food,Chennai,40201,18-24,Male,4.9,269169
INF0551,Yashoda182,Instagram,64332,9.45,5568,422,26,Tech,Bengaluru,37851,18-24,Female,1.13,128894
INF0552,Pahal924,YouTube,30618,3.67,899,324,27,Beauty,Pune,33199,25-34,Mixed,6.64,65570
INF0553,Ishita846,YouTube,39253,9.25,3077,471,19,Fitness,Jaipur,25356,25-34,Mixed,9.25,116359
INF0554,Yamini711,Instagram,46102,9.36,4275,315,28,Fitness,Mumbai,30282,35-44,Mixed,3.99,108141
INF0555,Yatan631,YouTube,89189,6.26,5094,308,8,Food,Delhi,43213,25-34,Mixed,6.1,251444
INF0556,Leela385,YouTube,74667,7.09,3964,47,25,Tech,Mumbai,81596,25-34,Female,3.9,168235
INF0557,Chandresh878,Instagram,20844,6.34,1036,340,6,Fashion,Jaipur,17233,18-24,Male,2.98,17594
INF0558,Pranav917,Instagram,50149,4.28,2025,247,4,Education,Jaipur,56341,13-17,Female,9.01,126345
INF0559,Vrinda671,Instagram,88921,2.4,1689,428,14,Beauty,Kolkata,93706,13-17,Male,2.21,202537
INF0560,Chakrika468,YouTube,58409,11.06,5342,192,5,Food,Hyderabad,35544,25-34,Female,1.63,157421
INF0561,Abhiram352,YouTube,94663,8.0,5780,241,23,Gaming,Jaipur,98853,35-44,Female,5.16,84514
INF0562,Vasana114,YouTube,22414,10.67,1953,483,6,Fitness,Ahmedabad,25440,25-34,Male,3.0,57062
INF0563,Saumya981,YouTube,29870,11.4,3054,289,25,Education,Kolkata,31038,18-24,Female,4.09,32006
INF0564,Gabriel555,Instagram,83089,8.3,5970,373,13,Lifestyle,Mumbai,93937,18-24,Mixed,8.75,116896
INF0565,Ryan282,Instagram,51072,10.68,4164,43,5,Tech,Pune,50962,13-17,Male,2.77,48341
INF0566,Yatin755,YouTube,67314,4.68,2977,404,25,Food,Bengaluru,23493,18-24,Male,1.74,67290
INF0567,Falak634,Instagram,30253,2.11,464,261,21,Lifestyle,Kolkata,14128,35-44,Female,4.8,60712
INF0568,Yasti119,YouTube,90880,5.79,4416,467,27,Education,Pune,105558,35-44,Male,8.38,228355
INF0569,Falguni915,YouTube,51004,5.56,2113,74,4,Food,Bengaluru,33304,18-24,Mixed,6.01,52626
INF0570,Aradhana715,Instagram,82516,10.84,6521,179,10,Fitness,Jaipur,63855,35-44,Mixed,0.82,157292
INF0571,Saksham778,YouTube,98055,10.89,8971,261,12,Finance,Kolkata,81513,18-24,Male,6.19,269746
INF0572,Michael946,Instagram,45856,9.65,3980,190,14,Finance,Hyderabad,32041,25-34,Mixed,2.34,77363
INF0573,Raghav292,Instagram,35777,3.05,834,363,17,Tech,Mumbai,11047,13-17,Mixed,6.79,81178
INF0574,Chaaya554,YouTube,81826,11.53,9200,60,26,Tech,Chennai,70405,35-44,Mixed,9.76,190423
INF0575,Ishanvi277,YouTube,48577,5.93,2547,71,26,Food,Delhi,45549,35-44,Female,5.03,128392
INF0576,Indira558,YouTube,18673,3.1,547,238,30,Tech,Vijayawada,15824,35-44,Female,1.64,27350
INF0577,Vidhi791,Instagram,74791,7.95,5778,222,18,Gaming,Vijayawada,85318,18-24,Mixed,1.85,92879
INF0578,Shravya200,Instagram,40739,3.18,1051,188,7,Beauty,Kolkata,32655,13-17,Female,8.92,81716
INF0579,Anvi807,YouTube,91402,8.06,6900,22,20,Gaming,Hyderabad,51230,25-34,Mixed,8.04,204884
INF0580,Wakeeta393,YouTube,95909,11.13,10316,300,10,Travel,Hyderabad,92438,35-44,Female,2.5,211117
INF0581,Indali584,YouTube,95619,7.47,6203,128,17,Fashion,Hyderabad,48696,13-17,Female,8.27,95817
INF0582,Anthony124,YouTube,27606,8.35,1669,453,12,Travel,Mumbai,15958,13-17,Male,8.05,67895
INF0583,Madhav883,Instagram,58416,10.37,5863,70,28,Education,Pune,32664,18-24,Mixed,3.94,82898
INF0584,Nathan924,Instagram,88007,3.32,2421,59,16,Tech,Mumbai,74408,13-17,Mixed,4.72,147374
INF0585,Om329,Instagram,87113,8.52,7221,483,6,Beauty,Jaipur,37050,35-44,Male,4.25,243696
INF0586,Manbir698,Instagram,20020,11.15,2150,225,23,Beauty,Mumbai,18894,35-44,Female,5.52,35335
INF0587,Caleb551,YouTube,19815,3.79,748,415,9,Lifestyle,Bengaluru,22950,18-24,Mixed,2.55,51162
INF0588,Jason536,YouTube,50213,3.78,1887,380,9,Fashion,Vijayawada,40752,18-24,Mixed,8.69,145098
INF0589,Adya476,YouTube,13469,6.08,586,156,13,Gaming,Jaipur,6730,18-24,Mixed,7.39,18094
INF0590,Chakrika249,Instagram,8562,9.5,747,169,20,Food,Ahmedabad,9028,35-44,Male,9.68,13225
INF0591,Isha232,YouTube,59448,4.04,2227,140,11,Education,Chennai,29643,13-17,Male,3.89,107975
INF0592,Gautami711,Instagram,42131,4.06,1298,427,28,Tech,Ahmedabad,50043,13-17,Mixed,8.19,52503
INF0593,Warda22,YouTube,85455,3.24,2724,272,11,Lifestyle,Hyderabad,68859,13-17,Female,7.5,249801
INF0594,Arya921,YouTube,76607,2.41,1400,105,11,Fitness,Kolkata,42357,25-34,Female,9.37,208464
INF0595,Darpan267,Instagram,24340,2.79,625,155,13,Tech,Bengaluru,12973,13-17,Male,0.93,67543
INF0596,Faraj348,Instagram,30712,9.84,2867,416,30,Finance,Mumbai,35922,25-34,Female,5.37,69927
INF0597,Omaja387,YouTube,87272,3.72,2926,326,17,Fashion,Ahmedabad,95307,13-17,Male,4.42,152399
INF0598,Arjun679,YouTube,7763,10.23,637,32,20,Fashion,Jaipur,7808,35-44,Female,4.44,20201
INF0599,Farhan465,Instagram,90256,7.13,6309,445,12,Education,Delhi,49647,18-24,Male,5.22,106636
INF0600,Chakradev623,Instagram,60159,3.83,2136,381,11,Education,Kolkata,56922,18-24,Female,6.2,101655
INF0601,Advaith614,YouTube,60778,2.16,937,36,18,Fitness,Ahmedabad,54249,35-44,Female,7.16,94660
INF0602,Nidhi861,Instagram,5457,10.87,482,143,7,Food,Hyderabad,6441,35-44,Male,2.35,7318
INF0603,Zayyan412,Instagram,69064,9.27,5791,113,15,Lifestyle,Kolkata,68086,25-34,Female,6.49,61334
INF0604,Ekavir714,YouTube,44995,7.83,2599,332,29,Tech,Jaipur,39485,25-34,Male,6.09,80506
INF0605,Omkaar415,YouTube,70170,4.05,2662,429,12,Lifestyle,Chennai,25209,18-24,Mixed,9.43,142277
INF0606,Vrishti985,YouTube,16754,7.51,1190,37,15,Beauty,Vijayawada,15173,35-44,Female,3.04,32965
INF0607,Devika749,Instagram,70446,3.91,2196,55,7,Finance,Hyderabad,65342,13-17,Mixed,4.14,62857
INF0608,Ekani862,Instagram,33666,10.48,2973,223,30,Fashion,Delhi,17138,25-34,Male,8.75,58989
INF0609,Theodore453,Instagram,96240,4.79,3947,110,17,Fashion,Kolkata,59316,13-17,Female,5.64,252225
INF0610,Chatura445,Instagram,47210,4.91,1973,394,29,Fitness,Hyderabad,31659,35-44,Mixed,8.41,90132
INF0611,Onveer65,Instagram,46453,4.52,1628,270,20,Beauty,Delhi,22454,13-17,Male,8.81,43011
INF0612,Hemal645,YouTube,8716,6.03,375,292,19,Fitness,Pune,5013,35-44,Male,5.76,25195
INF0613,Jagat417,Instagram,70905,6.62,3936,244,14,Fitness,Ahmedabad,50647,35-44,Male,9.12,174667
INF0614,Rachita535,YouTube,62993,11.15,5021,30,16,Food,Delhi,60458,25-34,Male,8.25,173348
INF0615,Yashoda384,Instagram,46598,8.73,3595,296,9,Lifestyle,Vijayawada,43070,35-44,Mixed,2.61,49054
INF0616,Guneet11,Instagram,14332,4.1,573,227,10,Travel,Chennai,5754,18-24,Mixed,0.54,21338
INF0617,Pahal67,YouTube,45088,5.37,1983,117,16,Fashion,Jaipur,43409,18-24,Mixed,4.28,70867
INF0618,Vidhi427,Instagram,86315,5.56,4287,172,19,Lifestyle,Chennai,29621,25-34,Male,4.13,243633
INF0619,Gunbir121,Instagram,67163,9.76,5698,83,17,Gaming,Jaipur,56184,18-24,Mixed,2.77,190131
INF0620,Sai130,YouTube,29729,5.23,1268,468,11,Food,Jaipur,15090,35-44,Female,1.05,41772
INF0621,Vasana138,YouTube,41729,7.47,2791,498,23,Fashion,Kolkata,27575,18-24,Mixed,8.11,39962
INF0622,Viraj337,Instagram,45654,3.02,1180,242,5,Fashion,Mumbai,20906,18-24,Male,7.96,124848
INF0623,Ria777,YouTube,61011,11.16,4826,345,22,Finance,Mumbai,48259,25-34,Male,5.25,104597
INF0624,Forum17,YouTube,54488,5.05,2413,460,17,Fashion,Bengaluru,45404,18-24,Male,1.78,50254
INF0625,Raksha154,Instagram,12872,4.8,535,279,5,Tech,Pune,10562,35-44,Female,7.84,26477
INF0626,Isha37,YouTube,65353,9.7,5893,361,21,Beauty,Pune,59106,18-24,Mixed,0.89,56666
INF0627,Faras936,YouTube,99954,2.68,2053,418,15,Tech,Ahmedabad,110703,18-24,Male,3.77,264929
INF0628,Andrew242,YouTube,25216,9.54,1738,313,15,Fitness,Ahmedabad,28448,35-44,Male,1.04,74712
INF0629,Meghana131,Instagram,14277,2.47,281,229,19,Tech,Hyderabad,6104,25-34,Mixed,8.8,17399
INF0630,Xavier579,Instagram,76450,5.4,4030,389,27,Lifestyle,Jaipur,23562,35-44,Mixed,7.29,64982
INF0631,Ekaja426,YouTube,32349,6.31,1940,322,26,Beauty,Vijayawada,19542,18-24,Male,5.15,35004
INF0632,Guneet330,Instagram,35506,7.12,2219,47,27,Education,Jaipur,30917,25-34,Female,4.88,37413
INF0633,Dominic615,YouTube,14896,2.83,340,473,4,Lifestyle,Ahmedabad,9625,13-17,Female,5.16,26581
INF0634,Neel469,Instagram,41828,6.14,2466,482,5,Lifestyle,Vijayawada,20597,13-17,Mixed,5.61,71159
INF0635,Tanmayi918,Instagram,95981,9.96,7616,27,5,Travel,Hyderabad,105794,13-17,Mixed,6.07,212495
INF0636,Udyati149,YouTube,11165,11.76,991,98,12,Gaming,Hyderabad,5593,13-17,Female,2.62,11277
INF0637,Chasmum566,YouTube,15415,2.85,373,344,9,Education,Mumbai,12420,18-24,Male,1.67,12718
INF0638,Manthan895,Instagram,11502,2.31,187,243,22,Fashion,Jaipur,11000,13-17,Female,4.12,30799
INF0639,Jeremiah325,Instagram,21026,6.92,1397,66,13,Gaming,Pune,24390,13-17,Female,9.36,53318
INF0640,Jackson211,YouTube,9508,4.13,325,474,6,Lifestyle,Delhi,9944,18-24,Male,5.16,11510
INF0641,Frado814,YouTube,21490,4.49,892,163,22,Education,Delhi,25727,18-24,Female,5.94,49978
INF0642,Kashish896,Instagram,34638,8.52,2252,210,17,Travel,Pune,14907,35-44,Female,0.53,28794
INF0643,Advik842,Instagram,22736,7.93,1735,381,22,Travel,Bengaluru,7542,25-34,Male,1.63,53240
INF0644,Varsha616,Instagram,76745,3.76,2594,441,20,Beauty,Mumbai,49570,13-17,Mixed,9.18,220699
INF0645,Ria851,YouTube,29841,7.0,1945,226,20,Finance,Delhi,18506,25-34,Male,9.61,51599
INF0646,Utkarsh95,Instagram,34991,9.46,2507,291,30,Gaming,Kolkata,25959,18-24,Female,1.31,35450
INF0647,Robert175,Instagram,46195,11.69,4888,280,7,Tech,Kolkata,24659,18-24,Male,1.28,52573
INF0648,Wriddhish539,YouTube,91826,6.0,4669,274,15,Finance,Kolkata,73129,18-24,Mixed,3.71,112779
INF0649,Ryan183,YouTube,54516,10.79,4328,192,23,Fashion,Pune,18196,25-34,Male,1.5,89450
INF0650,Manya908,Instagram,49322,5.56,2095,145,25,Fashion,Bengaluru,42785,18-24,Mixed,3.93,127358
INF0651,Ekiya642,YouTube,12751,7.12,735,122,23,Fitness,Jaipur,12213,35-44,Female,1.04,24498
INF0652,Qasim236,Instagram,26106,11.67,2372,365,28,Beauty,Ahmedabad,20136,13-17,Mixed,9.03,69765
INF0653,Dipta718,YouTube,93096,2.29,1754,352,24,Travel,Ahmedabad,59911,35-44,Male,4.51,85229
INF0654,Hemal691,YouTube,67471,10.48,5245,476,9,Gaming,Ahmedabad,70286,18-24,Male,7.13,180176
INF0655,Tejas384,Instagram,15752,3.91,483,247,9,Food,Ahmedabad,13737,35-44,Mixed,4.76,22245
INF0656,Vihaan278,Instagram,58792,3.36,1488,174,29,Fashion,Delhi,57070,25-34,Male,3.57,92204
INF0657,Benjamin783,YouTube,19775,10.96,1625,232,25,Tech,Jaipur,11749,18-24,Male,5.49,54617
INF0658,Ekaja266,YouTube,80479,10.9,7689,388,6,Finance,Hyderabad,61575,35-44,Mixed,5.62,68852
INF0659,Barkha422,Instagram,62257,7.8,4246,115,21,Travel,Mumbai,59521,25-34,Female,1.55,79040
INF0660,Lucky766,Instagram,34264,6.96,1733,428,4,Finance,Mumbai,14849,13-17,Female,9.89,42381
INF0661,Lohit150,Instagram,19518,3.03,514,275,30,Food,Bengaluru,17164,13-17,Male,2.35,20381
INF0662,Kevin135,YouTube,35535,5.38,1555,37,19,Food,Kolkata,36183,18-24,Female,8.55,46894
INF0663,Yashoda339,Instagram,96612,4.79,4035,334,18,Fitness,Pune,49070,35-44,Mixed,4.83,107679
INF0664,Baljiwan313,YouTube,52393,9.85,3897,36,19,Lifestyle,Delhi,26301,25-34,Female,3.64,110086
INF0665,Abeer392,YouTube,63756,11.09,6114,177,30,Lifestyle,Vijayawada,61800,13-17,Mixed,0.72,82882
INF0666,Dayita443,Instagram,41100,2.31,745,104,15,Lifestyle,Hyderabad,31236,25-34,Mixed,5.9,121117
INF0667,Timothy35,Instagram,53693,3.05,1418,369,17,Finance,Chennai,22658,18-24,Female,6.73,88842
INF0668,Mitali742,YouTube,11034,3.08,304,206,24,Fitness,Chennai,9952,13-17,Female,8.21,9885
INF0669,Laban905,YouTube,40731,8.37,2481,37,16,Tech,Mumbai,34110,35-44,Mixed,5.61,119670
INF0670,Tanish560,YouTube,83592,5.85,3661,225,4,Education,Delhi,92873,13-17,Mixed,7.11,91615
INF0671,Krishna479,YouTube,7191,4.21,259,95,29,Fashion,Hyderabad,3959,25-34,Male,3.0,16881
INF0672,Devika805,Instagram,61666,9.72,4961,87,9,Finance,Bengaluru,57645,13-17,Female,2.74,154843
INF0673,Neelima863,Instagram,87472,8.75,6032,248,26,Lifestyle,Ahmedabad,42110,35-44,Male,9.29,132354
INF0674,Tarak679,Instagram,78538,4.49,2880,293,29,Finance,Mumbai,30649,25-34,Male,5.42,160758
INF0675,Bakhshi73,YouTube,90245,2.7,1995,229,15,Gaming,Jaipur,88379,35-44,Mixed,7.9,178441
INF0676,Gaurav905,YouTube,60465,11.27,5088,227,23,Travel,Kolkata,25739,18-24,Male,1.69,140838
INF0677,Urmi259,YouTube,84772,7.04,4187,451,14,Fashion,Hyderabad,29980,25-34,Mixed,0.87,241232
INF0678,Aachal124,YouTube,96746,6.89,5688,313,6,Tech,Pune,106085,18-24,Mixed,6.27,168176
INF0679,Urvashi590,Instagram,96502,4.2,2871,416,15,Beauty,Hyderabad,105290,35-44,Mixed,1.24,276414
INF0680,Falguni661,Instagram,36086,5.54,1623,148,8,Education,Bengaluru,29398,18-24,Mixed,7.29,89722
INF0681,Ekantika323,Instagram,11672,2.39,211,420,7,Education,Delhi,9057,25-34,Female,6.78,16779
INF0682,Balhaar493,Instagram,37086,7.62,2693,179,27,Tech,Delhi,15920,25-34,Male,3.06,38144
INF0683,Tejas780,YouTube,76129,6.76,4770,315,23,Education,Pune,39796,18-24,Female,6.26,106918
INF0684,Yashodhara124,Instagram,72988,11.67,6673,464,6,Fashion,Hyderabad,27003,18-24,Male,5.48,203928
INF0685,Ekanta31,YouTube,50655,3.08,1294,144,20,Finance,Kolkata,58820,13-17,Mixed,3.98,86172
INF0686,Naksh70,YouTube,75285,5.01,3575,419,18,Fitness,Jaipur,49873,13-17,Mixed,2.12,107127
INF0687,Bachittar769,YouTube,92171,11.77,10848,147,23,Lifestyle,Vijayawada,89718,35-44,Mixed,9.89,174688
INF0688,Forum897,Instagram,20316,2.92,542,275,16,Beauty,Jaipur,16691,13-17,Mixed,7.77,50779
INF0689,Qasim245,YouTube,80480,6.94,4539,250,29,Tech,Kolkata,36685,18-24,Female,9.55,114672
INF0690,Darika642,YouTube,82643,6.48,4911,288,28,Fashion,Kolkata,52141,35-44,Mixed,3.37,120322
INF0691,Christopher835,YouTube,95263,10.01,8929,145,12,Gaming,Pune,100040,13-17,Male,7.09,133548
INF0692,Pushti999,Instagram,51911,5.14,2430,466,5,Tech,Delhi,20428,13-17,Mixed,3.05,122097
INF0693,Alka244,YouTube,71685,11.7,8070,101,10,Fashion,Bengaluru,43539,13-17,Mixed,4.9,155212
INF0694,Aarini293,YouTube,32252,9.62,2860,200,13,Fitness,Delhi,11523,18-24,Mixed,1.07,55067
INF0695,Samaksh21,Instagram,34084,10.39,2792,268,12,Fashion,Pune,19909,18-24,Male,9.76,51368
INF0696,Devika508,YouTube,45723,10.43,4334,245,11,Travel,Hyderabad,25402,35-44,Female,2.16,71289
INF0697,Hardik98,YouTube,47057,7.12,2517,24,22,Travel,Vijayawada,43162,13-17,Female,4.45,116132
INF0698,Gopal696,Instagram,31120,7.02,1768,404,5,Travel,Ahmedabad,22260,18-24,Female,9.24,64716
INF0699,Maanas401,YouTube,34980,4.43,1336,288,28,Travel,Vijayawada,32565,18-24,Female,7.93,83226
INF0700,Anya887,YouTube,20238,3.0,483,404,15,Fashion,Jaipur,12051,18-24,Male,3.04,39544
INF0701,Urishilla467,Instagram,38952,8.64,3029,319,9,Fitness,Vijayawada,46322,18-24,Male,3.63,46789
INF0702,Pavani451,YouTube,68242,6.16,3653,438,30,Fashion,Jaipur,51936,25-34,Mixed,3.38,104500
INF0703,Vrinda739,YouTube,10673,3.02,271,314,28,Food,Mumbai,7318,25-34,Mixed,2.52,23778
INF0704,Baghyawati287,YouTube,62904,10.88,5384,281,25,Lifestyle,Bengaluru,74421,25-34,Female,4.41,143537
INF0705,Rohan155,Instagram,16977,11.06,1771,68,21,Finance,Bengaluru,8297,18-24,Female,6.63,28414
INF0706,Bakhshi857,YouTube,82076,7.6,4788,461,4,Finance,Kolkata,71511,25-34,Mixed,3.69,244865
INF0707,Tristan166,Instagram,57454,4.87,2387,356,21,Gaming,Bengaluru,32106,13-17,Male,4.05,105273
INF0708,Ayaan342,YouTube,59673,7.07,3551,395,18,Beauty,Jaipur,66305,18-24,Male,7.66,164360
INF0709,Warinder144,YouTube,29731,5.13,1120,114,23,Finance,Ahmedabad,20172,35-44,Male,8.96,25549
INF0710,Saksham410,Instagram,58430,7.41,3221,302,23,Food,Delhi,59466,18-24,Male,4.98,148022
INF0711,Dalbir753,Instagram,6905,8.24,503,499,19,Gaming,Bengaluru,5862,13-17,Male,8.32,12024
INF0712,Yug664,YouTube,71189,11.36,5827,179,21,Tech,Ahmedabad,49240,18-24,Female,2.94,204293
INF0713,Sai789,Instagram,32873,5.64,1445,280,10,Tech,Kolkata,15779,18-24,Mixed,8.05,55843
INF0714,Anjali223,Instagram,33058,5.92,1577,257,28,Fitness,Mumbai,24419,25-34,Mixed,4.45,88144
INF0715,Jack337,Instagram,77482,4.51,2759,445,26,Lifestyle,Pune,24978,25-34,Male,2.88,146976
INF0716,Nathan581,Instagram,82137,8.8,5797,320,29,Travel,Delhi,54367,25-34,Male,8.86,243893
INF0717,Kavya241,Instagram,80492,10.81,8315,234,5,Finance,Hyderabad,37997,35-44,Female,5.23,139506
INF0718,Anvi779,Instagram,70947,2.35,1259,428,15,Fitness,Jaipur,70348,18-24,Female,8.92,57728
INF0719,Tripti672,YouTube,76155,7.03,5193,245,25,Beauty,Hyderabad,29570,25-34,Male,7.1,125326
INF0720,Laksh524,Instagram,39425,4.43,1741,250,13,Beauty,Bengaluru,41008,18-24,Male,3.69,68369
INF0721,Widisha525,YouTube,72598,6.8,4064,281,20,Gaming,Ahmedabad,48656,35-44,Male,1.99,217335
INF0722,Arunima332,Instagram,92682,3.42,2579,96,28,Education,Vijayawada,79583,35-44,Female,7.21,115171
INF0723,Girish610,Instagram,86872,4.66,3954,230,24,Food,Pune,61882,18-24,Mixed,7.13,259025
INF0724,Christopher871,YouTube,25278,5.28,1144,343,30,Travel,Chennai,19914,35-44,Mixed,8.91,56984
INF0725,Vihaan880,YouTube,69991,5.88,3350,82,22,Gaming,Chennai,62246,35-44,Female,3.62,60813
INF0726,Hitesh93,YouTube,38885,9.24,3358,205,18,Fitness,Chennai,38164,18-24,Female,4.51,81856
INF0727,Meghana20,YouTube,94042,2.78,2190,185,17,Fashion,Mumbai,83882,13-17,Mixed,1.85,194333
INF0728,Januja393,Instagram,6676,2.23,107,193,10,Education,Jaipur,3762,18-24,Female,6.74,11764
INF0729,Isaac978,YouTube,72449,4.02,2065,380,18,Tech,Pune,47402,35-44,Female,2.91,66579
INF0730,Mahika572,YouTube,42610,2.68,1123,475,23,Fitness,Mumbai,29788,13-17,Male,5.52,46419
INF0731,Darpan821,Instagram,86094,5.92,5041,149,21,Tech,Pune,96570,13-17,Male,7.12,172729
INF0732,Riya577,YouTube,37172,4.25,1376,25,24,Education,Chennai,40980,35-44,Mixed,4.71,72490
INF0733,Anusha152,Instagram,56109,3.48,1756,110,13,Travel,Kolkata,29524,18-24,Male,0.88,114981
INF0734,Barkha589,Instagram,82665,6.38,5057,157,7,Food,Vijayawada,49799,35-44,Male,7.54,194834
INF0735,Avi34,Instagram,93563,4.44,3283,298,22,Fitness,Jaipur,64625,25-34,Male,4.48,266628
INF0736,Krisha212,Instagram,97762,5.63,4120,144,27,Gaming,Chennai,42092,25-34,Mixed,5.28,217951
INF0737,Praneel968,Instagram,94384,5.35,4538,102,4,Education,Delhi,43062,35-44,Female,5.93,77767
INF0738,Qushi55,Instagram,16767,5.52,924,365,18,Fitness,Vijayawada,8269,13-17,Female,2.78,23944
INF0739,Triya328,YouTube,71505,11.39,7423,477,19,Finance,Hyderabad,23904,35-44,Female,8.12,86748
INF0740,Waida938,YouTube,61085,7.72,4532,30,5,Gaming,Chennai,57276,13-17,Female,9.33,149333
INF0741,Advay597,YouTube,68405,6.69,3696,135,20,Gaming,Pune,44470,25-34,Mixed,0.94,169698
INF0742,Qarin786,YouTube,18076,7.59,1146,149,8,Food,Hyderabad,18653,13-17,Male,2.49,15998
INF0743,Fitan452,Instagram,28418,10.53,2944,217,24,Tech,Delhi,31323,25-34,Male,9.7,59411
INF0744,Urmi574,YouTube,55275,9.73,4097,191,19,Travel,Pune,31242,18-24,Female,3.06,113617
INF0745,Neha326,Instagram,36178,2.25,773,137,15,Education,Mumbai,42321,35-44,Female,0.66,59149
INF0746,Saanvi398,Instagram,89388,11.75,9315,268,23,Fashion,Jaipur,92155,18-24,Female,3.97,171922
INF0747,Gabriel920,Instagram,77756,7.23,5292,402,23,Finance,Chennai,61139,18-24,Male,0.86,113802
INF0748,Girindra185,Instagram,98398,11.26,8012,70,24,Fitness,Jaipur,64388,18-24,Female,5.16,292428
INF0749,Aarush95,Instagram,30532,3.24,895,87,21,Tech,Mumbai,14995,13-17,Female,1.56,43159
INF0750,Laksh268,Instagram,84865,6.12,4518,247,13,Finance,Mumbai,85929,18-24,Mixed,2.7,129072
INF0751,Yashvi71,Instagram,19963,2.87,465,451,6,Travel,Pune,14419,13-17,Female,3.15,21946
INF0752,Xiti70,Instagram,89501,5.36,3894,274,21,Food,Pune,94549,35-44,Mixed,7.21,196963
INF0753,Samarth520,Instagram,34961,5.94,1838,278,29,Fitness,Vijayawada,20005,35-44,Female,1.11,97048
INF0754,Qasim834,Instagram,63334,8.07,4348,275,29,Fitness,Jaipur,29282,35-44,Female,9.82,102971
INF0755,Sathvik972,Instagram,41398,3.87,1597,404,17,Fitness,Mumbai,29183,13-17,Female,5.69,67745
INF0756,Falan192,YouTube,65646,10.04,5587,270,8,Beauty,Bengaluru,67991,13-17,Mixed,4.38,79182
INF0757,Zashil478,YouTube,91344,6.37,4838,490,29,Food,Kolkata,77315,13-17,Mixed,7.57,81362
INF0758,Aayush298,YouTube,39552,11.51,3880,279,26,Fitness,Delhi,13139,13-17,Male,7.37,37384
INF0759,Amol708,YouTube,65680,7.52,4752,444,26,Education,Bengaluru,27913,18-24,Mixed,5.69,160351
INF0760,Xiti197,YouTube,47896,9.1,3061,39,28,Education,Bengaluru,29515,18-24,Mixed,4.94,77352
INF0761,Gayathri96,Instagram,30830,9.22,2327,390,16,Finance,Delhi,11011,35-44,Female,9.51,59875
INF0762,Chandran852,Instagram,74971,8.06,4727,385,11,Fitness,Delhi,54331,35-44,Female,8.0,160709
INF0763,Harini185,YouTube,48914,9.27,4228,390,27,Travel,Pune,28583,35-44,Male,0.63,69755
INF0764,Nathaniel571,Instagram,14056,10.19,1268,431,27,Beauty,Hyderabad,10582,18-24,Female,1.07,13590
INF0765,Ekanta120,Instagram,25400,7.24,1342,159,13,Tech,Ahmedabad,9380,18-24,Female,6.29,65668
INF0766,Chandani784,YouTube,46183,9.71,4141,324,15,Beauty,Chennai,16172,13-17,Mixed,4.62,104008
INF0767,Vrinda77,Instagram,70724,7.99,5582,164,25,Education,Vijayawada,31790,35-44,Male,1.2,198494
INF0768,Barkha410,Instagram,5546,4.33,182,126,23,Food,Mumbai,2785,18-24,Male,2.6,7488
INF0769,Tanvi15,Instagram,59620,3.08,1351,252,20,Tech,Ahmedabad,39047,18-24,Mixed,6.55,112043
INF0770,Jacob85,Instagram,26190,2.74,631,427,14,Lifestyle,Bengaluru,27596,18-24,Female,7.67,62173
INF0771,Kashvi157,YouTube,46642,4.27,1798,237,25,Lifestyle,Chennai,29151,25-34,Mixed,9.65,56195
INF0772,Vrinda152,Instagram,6329,10.0,472,308,4,Tech,Pune,2550,13-17,Mixed,8.69,12587
INF0773,Ekanta182,YouTube,27552,2.7,657,465,21,Lifestyle,Kolkata,24428,18-24,Female,3.25,53192
INF0774,Pushti599,Instagram,51735,2.63,1151,61,25,Beauty,Bengaluru,57867,18-24,Male,4.34,133853
INF0775,Janaki410,YouTube,60782,9.91,5597,44,12,Fashion,Ahmedabad,45277,25-34,Mixed,8.63,84924
INF0776,Ekavir152,Instagram,55093,11.94,5906,217,7,Fashion,Chennai,54536,25-34,Male,4.85,106913
INF0777,Pushti807,Instagram,17813,11.63,1713,396,13,Food,Kolkata,6490,35-44,Mixed,3.19,17739
INF0778,Sudiksha301,Instagram,10807,7.9,833,386,24,Education,Mumbai,11871,35-44,Mixed,2.43,22524
INF0779,Naksh926,YouTube,81214,2.87,1882,122,23,Food,Ahmedabad,49712,35-44,Male,2.69,142395
INF0780,Janani39,YouTube,64304,4.12,2567,116,21,Gaming,Delhi,63105,18-24,Female,3.81,168567
INF0781,Hemang559,YouTube,87878,7.76,5458,163,25,Finance,Kolkata,58735,18-24,Female,7.48,81005
INF0782,Oni155,Instagram,49104,6.17,2659,395,11,Tech,Mumbai,39895,13-17,Mixed,9.54,105648
INF0783,Gagan704,Instagram,17549,4.81,627,139,21,Gaming,Jaipur,18523,18-24,Female,6.87,24337
INF0784,Garima559,Instagram,87554,11.21,7532,371,19,Fitness,Ahmedabad,29804,13-17,Mixed,5.09,189077
INF0785,Bahadurjit55,Instagram,57495,7.12,3161,327,8,Education,Vijayawada,53500,13-17,Female,8.39,152777
INF0786,Raksha241,Instagram,80873,5.65,3799,415,20,Fitness,Delhi,54619,18-24,Female,6.92,210598
INF0787,Shivansh886,Instagram,35736,3.37,1082,122,22,Travel,Mumbai,25105,35-44,Mixed,4.94,31985
INF0788,Kashvi201,Instagram,61876,11.61,5900,277,20,Lifestyle,Kolkata,19847,18-24,Male,8.77,75868
INF0789,Charan169,Instagram,57571,10.42,5379,419,15,Gaming,Pune,26306,35-44,Mixed,6.9,156558
INF0790,Christopher358,Instagram,59683,5.63,3009,287,4,Education,Vijayawada,32196,35-44,Female,0.62,100248
INF0791,Zinal968,Instagram,88874,7.64,6574,274,30,Travel,Bengaluru,64267,13-17,Female,1.26,120270
INF0792,Ranbir87,YouTube,83353,4.59,2691,349,19,Fitness,Chennai,47059,25-34,Mixed,9.64,105587
INF0793,Naveen450,Instagram,92298,9.62,7905,144,19,Food,Chennai,88011,18-24,Mixed,8.14,145907
INF0794,Varsha396,YouTube,30483,2.99,853,163,19,Fashion,Jaipur,13928,25-34,Female,3.46,90036
INF0795,Indali738,Instagram,22261,5.23,889,116,17,Beauty,Hyderabad,21171,18-24,Mixed,4.59,38066
INF0796,Darika92,YouTube,38713,9.46,2687,500,16,Travel,Ahmedabad,29523,18-24,Female,6.92,90977
INF0797,Ojas680,YouTube,74089,10.47,7068,374,15,Education,Delhi,67276,18-24,Mixed,2.57,218196
INF0798,Rushil606,Instagram,55515,5.86,2830,219,22,Beauty,Vijayawada,31515,18-24,Male,7.33,129047
INF0799,Jagrati973,Instagram,67978,9.53,5527,366,16,Beauty,Hyderabad,24424,13-17,Mixed,9.41,89193
INF0800,Chandresh775,Instagram,9860,3.37,234,430,25,Fashion,Kolkata,6143,25-34,Female,9.81,24853
INF0801,William343,YouTube,24587,3.62,766,471,29,Gaming,Jaipur,15068,35-44,Mixed,5.75,68642
INF0802,Gaurika549,Instagram,5902,6.79,314,433,18,Education,Ahmedabad,3192,13-17,Male,8.24,10500
INF0803,Orinder14,YouTube,26196,5.24,980,385,29,Education,Mumbai,14207,13-17,Female,5.02,42539
INF0804,Samaksh677,YouTube,48532,6.23,2656,43,10,Tech,Jaipur,38333,13-17,Mixed,5.86,112274
INF0805,Chakradhar45,YouTube,7137,3.58,215,384,24,Food,Delhi,5680,35-44,Male,1.65,16777
INF0806,Kalpit982,YouTube,61512,11.34,5022,331,27,Fitness,Delhi,56692,13-17,Mixed,7.35,135888
INF0807,Gaurika142,YouTube,22806,3.58,799,89,28,Education,Hyderabad,19697,18-24,Female,8.92,28308
INF0808,Falguni399,YouTube,81176,9.74,6464,170,25,Finance,Mumbai,29072,18-24,Female,9.99,202968
INF0809,Kai656,Instagram,94804,6.21,5579,36,17,Tech,Hyderabad,61423,35-44,Female,8.22,81178
INF0810,Vasana994,Instagram,98833,9.65,7793,314,17,Fitness,Kolkata,51464,13-17,Female,7.5,206554
INF0811,Wriddhish405,Instagram,29763,5.67,1351,449,18,Finance,Mumbai,29628,18-24,Female,4.54,58973
INF0812,Megha780,Instagram,15206,10.01,1179,428,21,Fashion,Ahmedabad,12642,35-44,Mixed,3.65,38245
INF0813,Yoshita182,YouTube,43982,10.1,3304,285,4,Gaming,Hyderabad,27811,35-44,Male,1.93,88105
INF0814,Waida606,YouTube,78159,3.62,2131,372,21,Beauty,Bengaluru,40035,18-24,Male,4.64,154489
INF0815,Meghana169,Instagram,10767,2.57,208,433,19,Tech,Ahmedabad,6625,13-17,Female,2.25,14608
INF0816,Maanas979,YouTube,28368,3.18,824,392,13,Education,Chennai,15484,13-17,Male,8.64,41281
INF0817,Janya245,Instagram,42372,11.51,4135,296,24,Gaming,Jaipur,22414,35-44,Mixed,5.33,37582
INF0818,Urvashi693,Instagram,44377,6.71,2225,347,28,Food,Jaipur,50033,25-34,Female,5.27,40211
INF0819,Daksha205,Instagram,91982,2.31,1982,411,15,Tech,Chennai,44882,25-34,Female,3.04,233167
INF0820,Samar875,Instagram,95175,7.66,6960,145,10,Fitness,Delhi,40961,18-24,Mixed,3.63,112230
INF0821,Harrison633,YouTube,85043,6.85,4307,495,21,Lifestyle,Bengaluru,78176,35-44,Mixed,7.94,99166
INF0822,Ekta786,Instagram,33708,8.51,2842,40,8,Tech,Jaipur,34428,18-24,Mixed,2.93,30082
INF0823,Mohammed735,Instagram,73622,11.52,6078,24,13,Fitness,Chennai,47286,18-24,Female,8.59,218469
INF0824,Zilmil981,YouTube,95849,11.39,7904,292,11,Fitness,Jaipur,30512,18-24,Mixed,2.98,123682
INF0825,Samar177,Instagram,92354,3.55,2537,252,26,Fashion,Hyderabad,28512,35-44,Male,1.09,82113
INF0826,Triveni797,Instagram,12201,4.65,517,109,19,Education,Jaipur,8975,13-17,Female,3.73,32260
INF0827,Alka30,YouTube,89487,6.6,5684,474,8,Tech,Jaipur,89197,18-24,Female,6.07,190025
INF0828,Veer667,YouTube,39919,4.75,1408,281,22,Fashion,Jaipur,20828,18-24,Mixed,1.12,63652
INF0829,Ayaan177,YouTube,69602,10.17,5519,146,22,Tech,Jaipur,57426,13-17,Female,4.85,105021
INF0830,Irya479,Instagram,48830,10.33,3765,477,25,Tech,Mumbai,49740,25-34,Male,2.02,113656
INF0831,Rachana783,YouTube,50710,10.3,4542,154,30,Fashion,Ahmedabad,39904,18-24,Male,9.25,90809
INF0832,Anay89,YouTube,15177,5.87,678,59,7,Food,Kolkata,7026,18-24,Mixed,0.59,24823
INF0833,Jyoti677,Instagram,35519,2.37,682,106,5,Tech,Jaipur,19468,35-44,Female,5.36,105496
INF0834,Darika760,Instagram,58489,6.91,3556,88,4,Food,Pune,39997,13-17,Mixed,4.85,150389
INF0835,Damyanti842,Instagram,90395,2.66,2283,99,10,Gaming,Kolkata,102197,13-17,Mixed,0.84,269418
INF0836,Vasudha706,YouTube,96127,4.72,3442,202,24,Fashion,Pune,29510,35-44,Mixed,8.2,129203
INF0837,Raghav745,Instagram,43252,3.09,1180,139,20,Fashion,Pune,48951,25-34,Male,5.71,82062
INF0838,Darsh238,Instagram,29135,3.41,800,373,6,Travel,Ahmedabad,28978,35-44,Female,9.06,69548
INF0839,Warda645,YouTube,92061,11.2,9779,234,5,Food,Pune,104126,18-24,Male,7.2,150343
INF0840,Tarak839,YouTube,5234,8.59,380,469,15,Tech,Chennai,4425,35-44,Female,1.36,8246
INF0841,Maanav981,YouTube,44003,8.21,3148,30,28,Food,Chennai,26568,25-34,Mixed,1.97,54705
INF0842,Nimrat817,YouTube,39929,4.63,1829,497,4,Beauty,Jaipur,18483,25-34,Female,7.93,90099
INF0843,Parth474,Instagram,6799,6.24,387,306,12,Food,Kolkata,2399,25-34,Mixed,4.08,9720
INF0844,Nitesh21,YouTube,45263,9.88,4232,41,10,Fashion,Delhi,42136,18-24,Mixed,1.42,101353
INF0845,Advay632,Instagram,20022,4.55,725,107,17,Food,Bengaluru,14304,13-17,Female,4.01,25984
INF0846,Shivani774,Instagram,59910,4.69,2454,145,19,Food,Delhi,54876,25-34,Male,7.18,77626
INF0847,Faqid391,YouTube,16802,11.0,1395,256,8,Finance,Mumbai,20050,35-44,Female,3.7,18442
INF0848,Dayita827,Instagram,66441,7.16,4193,66,28,Gaming,Chennai,28708,35-44,Female,1.4,104694
INF0849,Mekhala865,Instagram,88415,11.95,9068,449,14,Tech,Pune,67467,13-17,Female,4.33,126118
INF0850,Vrishti464,YouTube,28490,3.88,1032,112,12,Travel,Kolkata,24040,35-44,Mixed,5.49,70728
INF0851,Sara312,YouTube,65690,3.43,1850,304,14,Fashion,Kolkata,67671,25-34,Female,6.38,110602
INF0852,Rohan705,Instagram,32154,11.78,3679,191,4,Tech,Chennai,29483,13-17,Female,5.87,62292
INF0853,Falan700,YouTube,35571,3.42,860,327,20,Fashion,Mumbai,17922,35-44,Mixed,1.75,81818
INF0854,Om864,Instagram,40975,5.67,1923,163,17,Tech,Chennai,24441,25-34,Female,9.6,90463
INF0855,Oni518,YouTube,85488,10.1,7417,101,21,Travel,Vijayawada,86360,35-44,Male,5.25,241604
INF0856,Forum518,YouTube,35607,11.48,3710,211,24,Tech,Delhi,15784,18-24,Male,9.85,52923
INF0857,Alexander374,Instagram,94439,5.15,3954,287,4,Fitness,Mumbai,32502,13-17,Male,7.92,137919
INF0858,Faras345,YouTube,46391,3.43,1378,342,6,Gaming,Chennai,41963,13-17,Mixed,3.0,46610
INF0859,Omkaar964,Instagram,78801,4.8,3123,78,24,Fitness,Jaipur,82008,13-17,Female,1.12,191174
INF0860,Shaurya412,Instagram,71011,6.05,3044,263,26,Gaming,Vijayawada,47683,18-24,Mixed,7.21,113234
INF0861,Shaurya776,YouTube,90444,2.5,1929,258,10,Fashion,Pune,34799,35-44,Female,3.79,187917
INF0862,Ishanvi59,YouTube,29174,7.33,1945,415,17,Education,Mumbai,12547,18-24,Female,4.05,56136
INF0863,Odika551,Instagram,90444,5.78,3680,225,13,Lifestyle,Bengaluru,29333,25-34,Male,5.04,218974
INF0864,Pushti651,YouTube,79303,7.47,5734,342,29,Fitness,Hyderabad,39422,35-44,Female,5.37,105978
INF0865,Aradhana233,Instagram,9893,4.64,417,354,21,Food,Kolkata,4839,35-44,Mixed,4.92,29295
INF0866,Noah482,Instagram,86512,9.95,6178,346,16,Fashion,Pune,83156,35-44,Female,3.98,167443
INF0867,Zayan301,YouTube,71101,9.58,6082,142,17,Education,Pune,38362,18-24,Female,5.09,115349
INF0868,Yashasvi942,YouTube,71223,8.2,5084,312,14,Tech,Kolkata,60912,25-34,Male,2.63,88020
INF0869,Upkaar385,YouTube,97580,7.82,7088,302,28,Tech,Delhi,33989,25-34,Male,3.41,200527
INF0870,Aarnav715,YouTube,57843,4.66,1997,328,12,Lifestyle,Ahmedabad,25146,35-44,Male,1.39,59149
INF0871,Abha695,Instagram,5892,3.57,169,191,26,Lifestyle,Bengaluru,2959,35-44,Male,6.24,14473
INF0872,Gayathri241,Instagram,5309,11.13,415,431,15,Finance,Pune,3526,35-44,Female,1.13,15893
INF0873,Chandresh317,Instagram,24352,3.81,742,209,20,Fitness,Mumbai,27374,25-34,Female,1.7,44477
INF0874,Ayaan453,Instagram,53050,6.98,3565,292,15,Travel,Vijayawada,45321,13-17,Female,2.13,72699
INF0875,Ekta856,Instagram,13681,7.29,890,256,6,Tech,Pune,13636,13-17,Female,6.19,29202
INF0876,Raagini613,YouTube,83605,7.86,6282,28,5,Education,Pune,95304,35-44,Male,8.7,241150
INF0877,Aarini151,Instagram,70900,8.26,5615,51,29,Tech,Ahmedabad,66300,13-17,Female,1.53,69141
INF0878,Krish626,Instagram,78430,8.54,5998,159,19,Fitness,Bengaluru,50950,25-34,Female,9.47,77194
INF0879,Advik959,Instagram,89296,11.85,8876,169,9,Fitness,Ahmedabad,71272,18-24,Female,3.95,247612
INF0880,Krish950,YouTube,87783,6.92,4853,351,22,Beauty,Kolkata,60815,25-34,Male,3.94,208831
INF0881,Oeshi516,Instagram,90313,11.56,7652,87,20,Tech,Bengaluru,32456,18-24,Male,8.45,96512
INF0882,Yashodhara843,YouTube,55413,5.35,2308,137,13,Travel,Bengaluru,18736,35-44,Male,7.7,64128
INF0883,Aradhana555,YouTube,91082,11.12,9934,177,17,Fitness,Pune,51536,13-17,Mixed,7.73,244795
INF0884,Warinder320,Instagram,87362,9.75,7184,380,21,Finance,Chennai,40221,18-24,Mixed,5.72,72656
INF0885,Zayyan825,YouTube,55211,10.18,4643,156,18,Food,Kolkata,48120,35-44,Female,5.83,99239
INF0886,Bishakha577,YouTube,9047,3.15,281,241,25,Food,Jaipur,3572,25-34,Mixed,2.2,19361
INF0887,Gabriel121,YouTube,50369,9.74,4580,453,15,Fitness,Vijayawada,35402,25-34,Female,5.74,69281
INF0888,Dakshesh737,YouTube,45631,5.86,2161,165,4,Food,Vijayawada,24979,25-34,Female,7.94,59876
INF0889,Nandini50,YouTube,88849,10.39,6894,235,26,Finance,Ahmedabad,67507,18-24,Male,9.14,104230
INF0890,Indrajit480,YouTube,84425,8.84,5831,163,26,Beauty,Delhi,55706,25-34,Mixed,8.98,145695
INF0891,Mohini771,YouTube,91948,11.09,10065,184,27,Finance,Hyderabad,67037,25-34,Female,9.76,77667
INF0892,Jagat726,YouTube,57083,3.24,1633,196,7,Tech,Mumbai,51850,13-17,Male,9.37,135322
INF0893,Vritti487,YouTube,96128,11.61,9059,218,16,Food,Mumbai,63496,13-17,Mixed,9.04,182172
INF0894,Lohit233,Instagram,6629,2.8,171,342,12,Food,Mumbai,6433,35-44,Male,5.54,6987
INF0895,Isaiah648,Instagram,76169,3.02,1802,282,24,Education,Pune,88945,25-34,Male,2.12,194586
INF0896,Eta74,Instagram,88164,9.18,6806,75,23,Travel,Kolkata,49735,18-24,Mixed,6.09,143410
INF0897,Vidhi873,YouTube,10338,9.05,706,373,5,Finance,Pune,5644,25-34,Female,2.7,8529
INF0898,Nakul370,YouTube,37812,11.1,3956,240,30,Fitness,Jaipur,12095,13-17,Female,1.77,104728
INF0899,Bhavini843,Instagram,25702,10.15,2421,497,16,Education,Mumbai,9977,25-34,Female,5.52,50279
INF0900,Ryan316,YouTube,70621,10.09,6504,30,11,Gaming,Vijayawada,80581,18-24,Mixed,3.51,152637
INF0901,Yatan634,YouTube,81103,4.99,3255,482,15,Lifestyle,Kolkata,27257,25-34,Male,2.31,189963
INF0902,Chasmum220,YouTube,7938,2.85,207,284,13,Beauty,Vijayawada,8279,13-17,Male,2.97,19483
INF0903,Kevin703,Instagram,73987,6.63,4499,130,22,Food,Jaipur,45044,25-34,Mixed,6.35,136053
INF0904,Urmi108,YouTube,68551,9.64,4738,252,11,Travel,Jaipur,79383,18-24,Mixed,2.11,181718
INF0905,Alka330,YouTube,57843,10.37,5565,446,25,Education,Jaipur,22563,25-34,Mixed,5.54,165771
INF0906,Kritika564,Instagram,74065,8.33,5026,370,16,Finance,Pune,54139,25-34,Male,4.66,179706
INF0907,Chatresh688,YouTube,12641,11.09,1111,366,26,Finance,Hyderabad,9966,25-34,Female,7.14,34535
INF0908,Samarth888,YouTube,44657,4.89,1539,280,22,Lifestyle,Mumbai,21794,13-17,Female,7.36,75716
INF0909,Chaitaly613,Instagram,17751,8.43,1263,46,14,Education,Hyderabad,7360,13-17,Female,0.64,41882
INF0910,Krishna927,YouTube,45903,7.92,3189,141,10,Travel,Chennai,54719,18-24,Mixed,2.28,102417
INF0911,Pranit593,Instagram,10295,9.63,895,133,4,Beauty,Bengaluru,5204,35-44,Mixed,3.76,22787
INF0912,Jack157,YouTube,57176,9.38,4828,49,5,Beauty,Jaipur,25695,25-34,Mixed,5.55,48764
INF0913,Rudra548,YouTube,62701,7.35,4003,193,18,Fashion,Pune,39069,18-24,Female,1.34,172799
INF0914,Charita100,Instagram,92569,2.87,2268,356,8,Beauty,Jaipur,101046,25-34,Female,9.67,224953
INF0915,Netra807,Instagram,53053,2.95,1249,446,4,Lifestyle,Ahmedabad,30957,18-24,Male,4.25,117627
INF0916,Damyanti963,YouTube,58880,3.28,1574,158,24,Tech,Hyderabad,32267,35-44,Male,7.24,145953
INF0917,Ojas662,Instagram,13303,5.52,517,321,23,Fashion,Chennai,5692,13-17,Mixed,4.48,27638
INF0918,Niharika580,Instagram,36198,5.92,1650,112,18,Lifestyle,Hyderabad,21030,25-34,Mixed,6.83,66565
INF0919,Vihaan913,YouTube,95395,11.92,8459,255,9,Education,Delhi,65579,35-44,Male,8.52,156606
INF0920,Kala213,Instagram,63306,4.89,2443,171,13,Tech,Hyderabad,72035,13-17,Mixed,0.59,61802
INF0921,Rohan284,YouTube,24341,5.7,1378,210,30,Gaming,Jaipur,19620,18-24,Female,6.17,32360
INF0922,Waida974,YouTube,57126,7.32,3074,251,13,Travel,Chennai,23461,18-24,Male,2.73,129077
INF0923,Aarini683,YouTube,69722,11.03,5941,135,15,Travel,Delhi,76328,18-24,Male,7.09,68068
INF0924,Janaki654,YouTube,16932,6.12,895,469,8,Tech,Bengaluru,17961,35-44,Female,9.94,16873
INF0925,Siya60,YouTube,50492,10.18,3974,201,20,Fashion,Chennai,37703,25-34,Female,7.71,116101
INF0926,Ishanvi815,YouTube,61615,8.3,4935,287,25,Education,Jaipur,50035,13-17,Mixed,5.28,169937
INF0927,Maanav895,YouTube,40405,7.67,2271,69,11,Lifestyle,Bengaluru,18683,25-34,Mixed,4.19,56064
INF0928,Balhaar926,Instagram,85595,5.16,3341,382,29,Travel,Pune,55438,18-24,Mixed,1.16,181694
INF0929,Vasatika37,YouTube,89945,6.95,5108,109,22,Travel,Pune,51512,13-17,Male,1.65,88068
INF0930,Gaurika471,Instagram,89864,6.41,5098,289,25,Food,Vijayawada,36333,35-44,Mixed,2.48,110224
INF0931,Unnati754,Instagram,31912,10.19,3171,318,23,Finance,Vijayawada,25593,18-24,Female,5.65,39535
INF0932,Raagini825,YouTube,35936,5.73,1592,203,14,Gaming,Delhi,40131,25-34,Male,1.95,81556
INF0933,Abdul932,YouTube,52144,11.97,4515,312,29,Beauty,Pune,61710,18-24,Mixed,4.62,139287
INF0934,Daksha578,Instagram,62738,5.26,2952,45,26,Travel,Mumbai,46280,13-17,Female,3.9,186179
INF0935,Zansi762,YouTube,49144,2.05,749,395,8,Beauty,Kolkata,48680,18-24,Male,1.54,50392
INF0936,Shivani623,YouTube,24819,7.33,1497,420,10,Fitness,Vijayawada,29083,18-24,Female,7.11,61966
INF0937,Warinder691,YouTube,97180,5.75,4658,154,28,Gaming,Hyderabad,69233,18-24,Mixed,4.73,119774
INF0938,Ronith762,YouTube,68685,9.22,5295,302,27,Gaming,Ahmedabad,66451,13-17,Male,9.49,139770
INF0939,Dalbir76,YouTube,31873,8.55,2354,196,23,Fashion,Jaipur,12312,18-24,Male,1.01,94666
INF0940,Yutika57,YouTube,93763,8.81,7229,169,18,Finance,Vijayawada,31215,13-17,Male,6.64,226077
INF0941,Unni365,YouTube,66759,8.58,4971,468,27,Food,Pune,65554,35-44,Female,6.54,154110
INF0942,Wriddhish987,YouTube,98626,9.66,8159,289,20,Travel,Hyderabad,99448,25-34,Male,1.74,236697
INF0943,Aarini331,Instagram,91852,10.92,9364,268,25,Lifestyle,Bengaluru,64418,18-24,Male,1.4,268403
INF0944,Elijah139,Instagram,25480,11.53,2345,89,16,Food,Pune,29947,35-44,Male,5.98,24235
INF0945,Upma212,Instagram,49894,11.61,4256,242,20,Education,Kolkata,55332,18-24,Male,4.34,76162
INF0946,Liam97,Instagram,54808,10.17,5173,444,14,Tech,Hyderabad,53672,18-24,Female,1.77,112348
INF0947,Pallavi566,Instagram,84415,9.65,7685,233,25,Food,Chennai,89463,35-44,Mixed,3.63,197321
INF0948,Samesh774,Instagram,11574,9.73,967,207,23,Tech,Vijayawada,11240,18-24,Female,1.87,11150
INF0949,Ganga180,YouTube,51541,7.76,3390,311,5,Tech,Kolkata,29597,25-34,Female,5.8,87287
INF0950,Abhimanyu226,YouTube,62787,3.91,1758,122,9,Fitness,Jaipur,30975,35-44,Male,5.84,52346
INF0951,Krishna583,YouTube,6285,8.61,519,456,12,Education,Vijayawada,2028,13-17,Female,9.5,9257
INF0952,Karan544,YouTube,74223,2.92,1602,214,4,Finance,Ahmedabad,59801,13-17,Male,4.35,194466
INF0953,Vrishti549,Instagram,84067,4.33,2927,106,16,Fitness,Chennai,84170,25-34,Female,1.78,172476
INF0954,Logan535,YouTube,47606,11.14,4004,84,30,Education,Hyderabad,49842,25-34,Mixed,5.32,133554
INF0955,Kala61,Instagram,48480,3.7,1768,451,12,Tech,Vijayawada,17577,25-34,Female,4.42,74959
INF0956,Anmol865,Instagram,80245,4.54,2852,122,27,Fashion,Ahmedabad,94628,18-24,Mixed,6.31,174044
INF0957,Aadi242,Instagram,41279,11.47,3932,126,22,Gaming,Bengaluru,36382,18-24,Mixed,2.49,57796
INF0958,Chatura164,Instagram,48584,8.53,3459,219,6,Gaming,Bengaluru,54600,25-34,Female,1.21,72587
INF0959,Rajata221,YouTube,29851,5.43,1470,356,25,Fitness,Delhi,25443,35-44,Female,0.68,81389
INF0960,Rohan971,YouTube,38489,10.15,3651,140,27,Tech,Jaipur,23268,35-44,Male,8.9,78310
INF0961,Bakhshi723,Instagram,10541,2.46,244,280,27,Travel,Vijayawada,4978,25-34,Male,5.39,17736
INF0962,Vivaan710,Instagram,68915,5.31,3400,432,18,Lifestyle,Vijayawada,80504,35-44,Female,3.7,76787
INF0963,Madhavi460,YouTube,76997,4.85,3184,454,28,Food,Bengaluru,43894,18-24,Male,2.98,140134
INF0964,Shaurya479,YouTube,15927,4.06,541,94,15,Lifestyle,Hyderabad,19082,13-17,Mixed,1.0,29351
INF0965,Tanay663,Instagram,42583,8.87,3377,179,10,Education,Ahmedabad,43604,18-24,Mixed,0.97,94976
INF0966,Diya252,YouTube,59683,4.97,2333,340,16,Lifestyle,Bengaluru,21995,13-17,Female,7.98,118528
INF0967,Gavin733,YouTube,40478,6.71,2075,97,16,Fitness,Chennai,12602,18-24,Mixed,9.73,68745
INF0968,Leela443,Instagram,41298,7.08,2298,372,19,Fitness,Delhi,18605,25-34,Female,6.06,63742
INF0969,Manthan632,YouTube,30370,10.7,3122,125,5,Finance,Delhi,13404,25-34,Mixed,8.84,43102
INF0970,Charvi374,Instagram,70282,8.0,4006,250,29,Gaming,Ahmedabad,47269,25-34,Mixed,7.54,146200
INF0971,Kashvi547,Instagram,26251,7.92,2023,82,24,Food,Jaipur,20887,35-44,Mixed,2.89,60407
INF0972,Laban57,Instagram,60589,2.66,1549,417,7,Lifestyle,Chennai,25860,18-24,Mixed,1.96,119013
INF0973,Ekantika116,Instagram,12009,10.22,868,361,23,Finance,Mumbai,14235,25-34,Female,1.76,28208
INF0974,Yashasvi308,YouTube,92494,6.84,5574,140,25,Education,Mumbai,88056,35-44,Female,0.94,129325
INF0975,Frederick957,Instagram,53417,10.74,4964,242,30,Tech,Kolkata,51968,13-17,Male,1.13,158914
INF0976,Unnati236,YouTube,26503,11.89,2550,381,27,Fashion,Mumbai,11232,18-24,Mixed,4.12,38292
INF0977,Raksha875,YouTube,5797,9.77,556,112,29,Travel,Kolkata,5131,35-44,Mixed,9.23,10408
INF0978,Dipta847,Instagram,28005,6.07,1699,402,10,Food,Kolkata,27597,18-24,Female,5.94,75667
INF0979,Udarsh87,YouTube,70783,7.96,4804,325,26,Tech,Mumbai,36902,35-44,Mixed,3.39,135792
INF0980,Odika64,Instagram,88891,3.93,2525,407,7,Lifestyle,Vijayawada,64333,35-44,Mixed,3.88,243649
INF0981,Wridesh462,Instagram,73321,2.07,1295,306,22,Fashion,Kolkata,66017,25-34,Mixed,8.2,121155
INF0982,Warda325,Instagram,31691,8.63,2301,371,13,Fashion,Mumbai,35418,13-17,Male,0.96,91563
INF0983,Hemangini511,Instagram,28903,5.64,1297,425,15,Education,Mumbai,25733,13-17,Female,8.12,68386
INF0984,Warinder807,Instagram,79303,10.54,7072,122,7,Food,Vijayawada,69462,25-34,Male,7.6,221846
INF0985,Mason575,Instagram,26912,10.9,2581,173,28,Education,Hyderabad,18642,25-34,Mixed,5.91,44766
INF0986,Ayushman44,Instagram,21975,6.68,1364,271,18,Tech,Delhi,14772,25-34,Male,4.51,22548
INF0987,Vidhi419,YouTube,18584,2.55,360,159,19,Lifestyle,Pune,9847,13-17,Male,5.93,16544
INF0988,Jai121,YouTube,93610,9.3,7575,193,9,Travel,Chennai,51101,13-17,Mixed,7.15,238770
INF0989,Wazir660,YouTube,25063,10.06,2440,454,29,Fashion,Chennai,25973,13-17,Female,2.59,58613
INF0990,Hritik413,YouTube,9858,11.7,888,90,29,Fitness,Hyderabad,3394,13-17,Male,2.43,18639
INF0991,Hemang477,YouTube,82669,4.55,2974,255,21,Beauty,Kolkata,89913,25-34,Mixed,2.08,161781
INF0992,Lakshit121,Instagram,93876,6.64,5789,435,24,Food,Kolkata,95920,25-34,Mixed,1.57,233863
INF0993,Balendra87,Instagram,55481,5.36,2839,303,9,Fashion,Bengaluru,63108,18-24,Mixed,8.17,158161
INF0994,Michael994,YouTube,85316,4.05,2970,427,24,Food,Bengaluru,80568,25-34,Male,6.96,108598
INF0995,Ikshita580,Instagram,5416,2.13,106,423,15,Gaming,Vijayawada,5710,13-17,Mixed,0.57,6502
INF0996,Laksh956,Instagram,95817,9.65,8896,74,4,Fitness,Delhi,99521,18-24,Mixed,3.56,111759
INF0997,Jagvi480,Instagram,71567,5.01,3226,34,23,Travel,Pune,78258,18-24,Male,4.45,138038
INF0998,Simon740,YouTube,5450,10.48,537,41,12,Finance,Hyderabad,6270,13-17,Mixed,6.2,8039
INF0999,Bhavani506,Instagram,7316,11.3,732,249,13,Beauty,Vijayawada,7422,13-17,Male,8.55,9242
INF1000,Laksh837,YouTube,30897,4.75,1267,345,22,Gaming,Vijayawada,17197,13-17,Mixed,3.9,61441
